[
  {
    "id": "6283159686557@s.whatsapp.net",
    "expired": "PERMANENT"
  },
  {
    "id": "6289613704517@s.whatsapp.net",
    "expired": "PERMANENT"
  },
  {
    "id": "6288238494778@s.whatsapp.net",
    "expired": "PERMANENT"
  },
  {
    "id": "6283123662850@s.whatsapp.net",
    "expired": "PERMANENT"
  },
  {
    "id": "6289509047417@s.whatsapp.net",
    "expired": "PERMANENT"
  },
  {
    "id": "6285349610808@s.whatsapp.net",
    "expired": "PERMANENT"
  },
  {
    "id": "6281299123416@s.whatsapp.net",
    "expired": "PERMANENT"
  },
  {
    "id": "6282290593865@s.whatsapp.net",
    "expired": "PERMANENT"
  },
  {
    "id": "62895420232500@s.whatsapp.net",
    "expired": "PERMANENT"
  },
  {
    "id": "6285732263433@s.whatsapp.net",
    "expired": "PERMANENT"
  },
  {
    "id": "62856092825070@s.whatsapp.net",
    "expired": "PERMANENT"
  },
  {
    "id": "6287895562517@s.whatsapp.net",
    "expired": "PERMANENT"
  },
  {
    "id": "6285882088581@s.whatsapp.net",
    "expired": "PERMANENT"
  },
  {
    "id": "62895613360632@s.whatsapp.net",
    "expired": "PERMANENT"
  },
  {
    "id": "6285248003430@s.whatsapp.net",
    "expired": "PERMANENT"
  },
  {
    "id": "6282253945216@s.whatsapp.net",
    "expired": "PERMANENT"
  },
  {
    "id": "6285340104547@s.whatsapp.net",
    "expired": "PERMANENT"
  },
  {
    "id": "6285156984643@s.whatsapp.net",
    "expired": "PERMANENT"
  },
  {
    "id": "6281539336834@s.whatsapp.net",
    "expired": "PERMANENT"
  },
  {
    "id": "6281392496569@s.whatsapp.net",
    "expired": "PERMANENT"
  },
  {
    "id": "6285388971447@s.whatsapp.net",
    "expired": "PERMANENT"
  },
  {
    "id": "6281906998710@s.whatsapp.net",
    "expired": "PERMANENT"
  },
  {
    "id": "6283171410170@s.whatsapp.net",
    "expired": "PERMANENT"
  },
  {
    "id": "6287763393881@s.whatsapp.net",
    "expired": "PERMANENT"
  },
  {
    "id": "6285246407311@s.whatsapp.net",
    "expired": "PERMANENT"
  },
  {
    "id": "6285730402263@s.whatsapp.net",
    "expired": "PERMANENT"
  },
  {
    "id": "6281779198916@s.whatsapp.net",
    "expired": "PERMANENT"
  },
  {
    "id": "62895376320035@s.whatsapp.net",
    "expired": "PERMANENT"
  },
  {
    "id": "62895335042774@s.whatsapp.net",
    "expired": "PERMANENT"
  },
  {
    "id": "6285779355915@s.whatsapp.net",
    "expired": "PERMANENT"
  },
  {
    "id": "6285784486509@s.whatsapp.net",
    "expired": "PERMANENT"
  },
  {
    "id": "6281524727729@s.whatsapp.net",
    "expired": "PERMANENT"
  },
  {
    "id": "6281225403032@s.whatsapp.net",
    "expired": "PERMANENT"
  },
  {
    "id": "6288289585650@s.whatsapp.net",
    "expired": "PERMANENT"
  },
  {
    "id": "6285778919667@s.whatsapp.net",
    "expired": "PERMANENT"
  },
  {
    "id": "628982101142@s.whatsapp.net",
    "expired": "PERMANENT"
  },
  {
    "id": "6289527676730@s.whatsapp.net",
    "expired": "PERMANENT"
  },
  {
    "id": "6281290473619@s.whatsapp.net",
    "expired": "PERMANENT"
  },
  {
    "id": "6285710444311@s.whatsapp.net",
    "expired": "PERMANENT"
  },
  {
    "id": "6283848231207@s.whatsapp.net",
    "expired": "PERMANENT"
  },
  {
    "id": "6285654815498@s.whatsapp.net",
    "expired": "PERMANENT"
  },
  {
    "id": "6281290473619@s.whatsapp.net",
    "expired": "PERMANENT"
  },
  {
    "id": "6281335754028@s.whatsapp.net",
    "expired": "PERMANENT"
  },
  {
    "id": "62895321898575@s.whatsapp.net",
    "expired": "PERMANENT"
  },
  {
    "id": "6281216611669@s.whatsapp.net",
    "expired": "PERMANENT"
  },
  {
    "id": "6287812633000@s.whatsapp.net",
    "expired": "PERMANENT"
  },
  {
    "id": "6282148516317@s.whatsapp.net",
    "expired": "PERMANENT"
  }
]