{"version":7,"hash":{"type":"Buffer","data":"/TmYhXsJ4YKidWLGOckueysYkXOPvgv7V6Wd3vyGRqkhy47hGSzptEbRc40q2KA2sZpbE2r7ilNC8axMooiKo/5R/4S5ILcBeCW9SmhkA/xAzKABj4rIxh7fuiMG0FliENf6k2dILwTOB/L8CspdMZZ4ATJcZVC39ZAV5/D3TYY="},"indexValueMap":{"TwDaEVpw+PPmYnoop0dMvopGzHPRs8bF/BmhKxgo91k=":{"valueMac":{"type":"Buffer","data":"AlVDsjp5Gd9qQfP2BqF0cwGu82Cmg7M2U0mDPk0Xlv4="}},"1aAKUc8pmAnEp+Weiu0IVKZWWLNixSRRdOoyWCM+G7s=":{"valueMac":{"type":"Buffer","data":"rU3mvB9JkJOUYsgfnbdlkw6316ebJHePXyJwRNVdM9w="}},"oTuHvetnOub8WMDMYC0WQ+yn5r8YKTejifbVDL/8eyU=":{"valueMac":{"type":"Buffer","data":"42Lr6J5hey8LheGzgNiwnvJuryFVQDh7GYfAVO0yVw0="}},"A1WCW9hhiTPJv5WABxvAbdWUYASrjA5x4EtYi9av15M=":{"valueMac":{"type":"Buffer","data":"dLeSPo5OLhrF9yEURM4iAWGvCgPITYIyZi98SwODHHg="}},"14pTVBkY/oZQF5nHq5hGe+GgAbIHY9lw/nB79ykl/SA=":{"valueMac":{"type":"Buffer","data":"jGxZlcnIOLby5bahnWEhS1c7JAn2Ig3ru/Sc7eAi/IE="}},"CRaV+J6V6lRy91v2d/ixQg6KlyWVxfTA/ls/3yngyWg=":{"valueMac":{"type":"Buffer","data":"xraBCsF6qfARok+phUOikj9vI87qh17eLKHWakpZLDo="}},"daIfOroZaAy3eih+gqTZ69UqTUxDj3dKedpOwiXmojw=":{"valueMac":{"type":"Buffer","data":"sldVASLSQukWKJjREUQQfbE3vsT4XiQK//ombzTlyqA="}},"Xaldgnizv5N8ULhb7bBS0sgkeFT4kBDhF+MkmGmI04U=":{"valueMac":{"type":"Buffer","data":"/CRyyqM9VQWFglHmN7gQm9s3kn9FkrS/EDODQZ66MFo="}},"8UVA02/yBAJ1z/Bzz8Gutn0tev1znXJxfDOqBP0slIg=":{"valueMac":{"type":"Buffer","data":"eEa/jCAaIuF8P2AblYAjqUzi0ErBcDqwUiP1m89uEdQ="}},"VCN50YgfhhjQbksMSoZlCP+SczsjKLOar3ZoBRoNs1w=":{"valueMac":{"type":"Buffer","data":"DJ0eNbA5u2Z5xmsOyCebvoNyaFomUuLjHTrywiljd6c="}},"NQZZKJisbOS8dmLu++R80/k1q6Vlybgoc7nRZ/+w8mM=":{"valueMac":{"type":"Buffer","data":"E3oe93+AWBgBOYgx27RomH5LPa1lbQFabTTBSoS2bu8="}},"+CnCPve+u1zbra5PfHoCUueNYxPT0PnAFqt8GHJMh9o=":{"valueMac":{"type":"Buffer","data":"zwGaG+PUZr0PBKtZqE36raU+mgazkUQXE9oUMthw9CU="}},"T9FkWUvE+roX0lM9V2mWLzlH/+fhQ1oO1QJeC6pCGCg=":{"valueMac":{"type":"Buffer","data":"2Glh+JfWN37Vqjhahn5fX28PK9zqEXkv6BtKF5qqxX4="}},"elEEGsuTiqdSWCYsNJJt7YkVBzN1y85GHmBdDItHXlI=":{"valueMac":{"type":"Buffer","data":"96Lt3dlkJ+dTmC5uuHOZ4VviJpF4ICxEQxVmFC+MmpI="}},"eA8/oFcZI07ZiWZpOy46hNiRpAzL3rxbfpm6gU2uP64=":{"valueMac":{"type":"Buffer","data":"fw/b0/pY1U7IjkDu7qRhnsI02/TPWvHIVcpys4TlfUU="}},"Rsp9DV9vWtoVS5//Bxm6qcwP+VZHjpZa9oGghOR1YzI=":{"valueMac":{"type":"Buffer","data":"JkzysWFlwpdXrZPb1M7QaQWJbc3x62hWldQoeEn0w1g="}},"erwV8GR35sDr0BZqq8hbsU9WH2Rqb/vsfh5h2EhsbPw=":{"valueMac":{"type":"Buffer","data":"lS7N6U2+jIgIHURftWj2ppMG0FyXZ9PrIoMVtNR/Ozw="}},"745Hy55BYvoR5dPhpclFa1drZFytPFgDeVK3opUs1+A=":{"valueMac":{"type":"Buffer","data":"eQ8isZ6I60PcnaHogBtAzc63gZ7xXML8BjBYObL2PBo="}},"keZgicr4DqSoh4L5C70G3nfKwdzlz6YDMjzZ3I+JXwc=":{"valueMac":{"type":"Buffer","data":"B++QyzFjleOSVfJe/9oWYSp0yno2yz67sW5+bv01uEk="}},"rCF5W8X67Q03hv6Nc6oxrrlVS+Oy6rpVBVTpvb9JZI8=":{"valueMac":{"type":"Buffer","data":"fTtch8qxB3rnksy4jf0NfAqpcys+f39zl5iUKGHXmaA="}},"CvFsfD7vaYEc3XdYvAK8AZ1R/+wI+9pVH/6LmknA/gA=":{"valueMac":{"type":"Buffer","data":"FfJPUQgMBS39rUOOGf/YzrgWRMiN64uU7wP0qtWbd7M="}},"l2vwfyQf2gmWKROk+eIXnHvtM52ifm1aHnCgHN+nifU=":{"valueMac":{"type":"Buffer","data":"uaTDEqyST43qZ8R+s7KNsyhvAqgPB7HYPWzFhR8730M="}},"pHZM1Gx+8zzZBH9asCGZa2PhYR+HsMv6se385w9XNDk=":{"valueMac":{"type":"Buffer","data":"55lLIwRv07P44OorLu+Q4ezvMf69aCy/JZSgSq0KLTU="}},"ZCoswICSbPWRX5om1qpDE+znr46G7GfNjMoTTkjbzlc=":{"valueMac":{"type":"Buffer","data":"uEjrodomNgJJLSkPoKUSa+2XASmYrQdN4p+FQ1yCwlU="}},"avlRQBS3EFUrLNu81g+ByJX4Ev5vHT1ldSUdd+YEuUQ=":{"valueMac":{"type":"Buffer","data":"TYEd9fNAMZiU1zMwKw2nCNDwcKFq/9RLeWjZwfuCsqk="}},"q1+OUWIQYjRLaAKRcsJ3L4W/EaVdlomK3EJwnkN1ZMc=":{"valueMac":{"type":"Buffer","data":"rqMmzrGNOFTzDNpXWiTfG0lW3FFPgR+OmACko8Dc5kg="}},"kHIG5ydJxmGmuQrcq+UAz7Ez9vE2eEETBaGGQXFCkWY=":{"valueMac":{"type":"Buffer","data":"BGjSPeZA0iXHM/2iQ1hWUDlgGeScyPS27l3CuoHZD9U="}},"Eq8WOHen4FKksDfSS1/L9EcCn6sQg8vmCDVh2xhuvw8=":{"valueMac":{"type":"Buffer","data":"YK02BM3kpRb/0+YdO1ccCCnoQU/E/T5sIGS48QQ/pdU="}},"zBom35Gu+eIgldQmYf+k2lF4Wh+R7Fk/y9d3VzTjcAU=":{"valueMac":{"type":"Buffer","data":"aNi+1aSE7dx0N61nEai7ZoYRqzqq2RsppOBGHnMD/tk="}},"GSJSEWu6es9xz076PjzAlpegYZsjo0QV0gSykccrXFk=":{"valueMac":{"type":"Buffer","data":"DgpKEjf6W7G4q74myU1VA+HMeihEnvIzYettaIl3ATE="}},"1XqQPH70XrC7L4v/X41bxHPiKr+qo/6Mk/3PspWNod0=":{"valueMac":{"type":"Buffer","data":"t4J7I2npZW7zqdKAY0OzR+RqOOC0ji10DSn+i2twQ5Y="}},"19PmDb/UNT+2nathjkyUfwZ0X66KxmPAHBiqUO3E5Ns=":{"valueMac":{"type":"Buffer","data":"8yrFPJa+TtmPUyV+3bj38B+cw6tjE4Y8VYGkhkXZOwo="}},"pNEOBgRoW7wFiWszzO8AJ6Hc24XEl2uJT/uAbDLhKOI=":{"valueMac":{"type":"Buffer","data":"1iRkQZOLzyCLFyl4XBA9GNWcwFajwJu0/tW22A50gSI="}},"qvB/Cy7bxTEp8vuo0RXbRAFsVU0W+ZNYiT6MT82mSeY=":{"valueMac":{"type":"Buffer","data":"/PCzxNK6xdO5piW9dMT/TLqJLXXT8F6iFum/HTUxBmM="}},"CzYty5/yV2szVMPJTENj9ufS+xhKWlooqrb23nzdE9o=":{"valueMac":{"type":"Buffer","data":"uXgccr8IEN8K8UPD85h8wcXwpcpOYllZtx8E+q8yzhk="}},"g79lvPUv45mYNS7wV9BMBlVGYiOKbCmf2B2eHhgNWA4=":{"valueMac":{"type":"Buffer","data":"fSk1RlTjFSTDaHDSCSLvhJwJMl3KVWktf61x4Ru1iQM="}},"N93Py7Ak5+hCTqEUhS4ejckGg379bbNUGDqkImBvnnA=":{"valueMac":{"type":"Buffer","data":"kCJ6i7GYO8tsZLTiuqwHzBuTK4vw1elnwbPTpuZdcZc="}},"8QNwZDetfrBGbgSphrpc0WDi3gR6WLu0qkDbkqAT7Yk=":{"valueMac":{"type":"Buffer","data":"C23flj8JSaOJ7ZnKMC1mDHxz853Xhz+pOtNWmV1u2FA="}},"cJsZx6U0xD25qGjyS5421ZS/aHIWsAeMtFD+XJCTB44=":{"valueMac":{"type":"Buffer","data":"NStUvaw7lDjh7dW07bfyINrxLxLrEhAzaguJnlurPCk="}},"Uo15vXPk86dU4BItx4bGmrwvfX20kHD/Bk1HlvWBZk8=":{"valueMac":{"type":"Buffer","data":"rgbeYmnVlbkVSVKyHxhSu3lnz1hvMlLoiUVZLLI7saI="}},"kx416xyfphYlpyFNduRFt4FvMbBAigYAwuxAzg8tu34=":{"valueMac":{"type":"Buffer","data":"itOcDKGQDlzYQXV20TRnSGd7oX5pcRTElrw07RGw2so="}},"TiEvRui3rgLPM3ut+gXa+NOaZTaoWtUpjtBra1G2AqA=":{"valueMac":{"type":"Buffer","data":"XhGliv7XGhjqD+aczSzRAS2jNIKiGsHM1kU8Vef08Rc="}},"ZgxrvqY6Qc9KgGB9/yuduAp+IjFEiFlQoUsp/Iz7XeY=":{"valueMac":{"type":"Buffer","data":"kwS4z0cQSlo5oiKtYYy595e2BL1WTGq1i+NCpYaf7T8="}},"IP6QJZoC9NJsUKWiUk19fG0GTiSw1zlAby8Opz1UKbs=":{"valueMac":{"type":"Buffer","data":"iwm6rrJOOdXrom+zOioUKOKwONRDMtsIxIw0GEV1XNQ="}},"Kbssv/AJe963uA5JK8ituR27gdgqPUQVILcaVPd6OiA=":{"valueMac":{"type":"Buffer","data":"d86H0kEwySbGDIr1zQ+XCDpRJk9x9pLsFWACKJQMN68="}},"3ZEKzbub2jGaRjNnxtVLwaQ5R1gEVMDhuN0uTZKPqik=":{"valueMac":{"type":"Buffer","data":"LBlnLwLjn0XR/kY6GO0/pFL1zr+i6apHBF1A9oSXcxY="}},"cSZvy2Txhxvk7YvAgZ4KqZ5eAW0SZtrZaRqwyIJnSV0=":{"valueMac":{"type":"Buffer","data":"qkflW5nPAzptKTkbJb7EGCwS1cqPAbq4DmhN/jikjIU="}},"XzTXUdpwxhEV3lodrSVbr81jibCCy4Y5l0NErgrQbDU=":{"valueMac":{"type":"Buffer","data":"q+luOyU1PrKYrkXbpQMu1g1dX5BC7UqGBTkBGjj+uv8="}},"CO+p6XOg/ldnVLk8Bh1MJus/Mqk+jOnpiiNDSkO0WxM=":{"valueMac":{"type":"Buffer","data":"0Ri/7HV+0EJ6ZIivKx0dNAdbxnuiKbscNP8mtuA0Wtw="}},"EqMsFfmTK6jW4WnQdxqAFkhWyOZaFqOP+CnR7YqpUd8=":{"valueMac":{"type":"Buffer","data":"02bGECFzR+e4LlgXkUGHgr1+Dtk37n4kZQP1nYBucH0="}},"U/0qobFajyI9a5JGpaLKEWjaKJULkIHH+HjWf9Y/T5I=":{"valueMac":{"type":"Buffer","data":"Hs5lwq3ETkiM8iKJpN97YGs52jySMkHpy/h6x7kRD+4="}},"9MQrHTRZMHbd9GLAFPGMVGSUpSdDm9/goORS6eIYjME=":{"valueMac":{"type":"Buffer","data":"30ah/P0CDaZ3yKebdTIJ7kj1+eTui8w7v/hmhiWf5H0="}},"y0Kv5WxZdUySjCAtyUYvNyQHWpjvfu6Jy0PfzYDq3HA=":{"valueMac":{"type":"Buffer","data":"hMbuaCchycSyUSqq4NllSUoTypLt578RQSKsPCm/URI="}},"iuko3QfxVzXCU1gzUPpDp5fNKSfQSfZQ04XNRKZWjR0=":{"valueMac":{"type":"Buffer","data":"WSFsqJzaJqhymNYh7dc8Ejsdj2wIdyUsDLRiglrxp3M="}},"YI7aDLZTsDO1Yhcq5oQufr8GDIjICRQh5dIDsCyX+GA=":{"valueMac":{"type":"Buffer","data":"nxpKWeMQAoweE8kNMi3wuODZldILq4NrdSg7D1L3t4g="}},"OkCVDGqU9lnAd69NTJI3IVMxbM7jvLGdDm+yoAi7c4g=":{"valueMac":{"type":"Buffer","data":"9RVMIKt0bVRMwv4ZVtXpp6M1IGoZhFKSTC9JugSkT0E="}},"TcCt2+eIUlw80m9Js21dCW8mRizyIGYwlL537IMnOhs=":{"valueMac":{"type":"Buffer","data":"sWP/7rK/9CDCbgRfZ2eOnZMuoCcY4Uh3BujAcNc+9Xo="}},"wuTp0FfOiQssX1FN+eQhJHNzhuS0qwanLzyJfDYJ6po=":{"valueMac":{"type":"Buffer","data":"i7oLRj5TM/9divoHalknLMXkgzBgX3MeB1yRVX9g+iI="}},"leJIO16pK3j6CM1d93/sYTX/kKPGjI3tiFC8hiyOhQg=":{"valueMac":{"type":"Buffer","data":"KASJx8/0ix9VoPSI1yWf/Lwt0H0lYddk/yyF3WCM+ZA="}},"YP8GCI8IQjanh5qJYA0jjLYyA2NwyMZg0ciZJ3okGlU=":{"valueMac":{"type":"Buffer","data":"siqVh4abqvf/KefkzjE0jtPDz8bVMQe/+nxOme2v4ro="}},"sOSymTlMhhrUafet8vRWe6ZWsvZC24k2ffIU9740n6s=":{"valueMac":{"type":"Buffer","data":"PSrXPH+IyRPuMjAYYSefP7d0JfQQ7BzV3GyKjHBepGg="}},"hb6NqNBmnDGDQFywioGQkzLZduUnNNn3UFAUuDAGndo=":{"valueMac":{"type":"Buffer","data":"0GxSpufzVnnDWZ7JWgTILI4GYbgzgwLofY6F9eejyFM="}},"XggXkh1IE8ckJ7dWqUN0rHbx9Ji5WpUdJoQI6Veb7F0=":{"valueMac":{"type":"Buffer","data":"t1TwxhCmLmn2OCSr3ffaDtEqaCkjo595nr0G2Qf4mSw="}},"26uB3TS9/VAq1CDcVl3lBEVr+A3+ogbxJtec0gs7Tn0=":{"valueMac":{"type":"Buffer","data":"nzqNHULAww1rePpsqhZYEdaGsqhg6bsSw0Pnu3nlJbI="}},"LblrdkvlrhaCoLlIhpD1z7d203CTUPZk7kraiwzYtew=":{"valueMac":{"type":"Buffer","data":"CAvgb5umXHaBahvHkPchQ/uKvYrqdMyxDku6tWx9mfQ="}},"dZuU0HnpyOhQhHlNLAV9x+Ikbfzi9chp8ng5/rq2r1Y=":{"valueMac":{"type":"Buffer","data":"YJ1TRdFHQ9hYy89Wo5t7iZp3bd96PzAbaKWceC7yAKE="}},"gUbG4E5bQA7Rv5PygxHXiMW9sLMMUyL1mOc8KS9lDYQ=":{"valueMac":{"type":"Buffer","data":"veCJhtDvVI8sQ9SiNXIXrRapTd2GaRTzjkrD7+NSOyU="}},"vRJUyBtLyHpiMkJ0fWa2r4M2scQVwRb0mz0RCdlWJ7w=":{"valueMac":{"type":"Buffer","data":"RO5m1FX2HdfVL89SVVWU51hS+yBKR7R8dSZqkDSUVSY="}},"ktHjEd8tYiIQxalrRdhdt8lYG6gxy8iEiVFs0J6WVvU=":{"valueMac":{"type":"Buffer","data":"h4k+TuGgRu5o7RdRJzWoSwSrm91G5xj7uBr4fYhQchM="}},"pjO3gl2lDz5bbahWOSX1KKpEuTm8xmNsPKoDxoKlbXY=":{"valueMac":{"type":"Buffer","data":"cqStwrAi3DumuBboR7DM3UZ4Jt7lhHI7Et8zNAHWuzU="}},"ePil6HdK3FdUulhC0o3nX5Rb99Xzi5A+0sxPiHHYpng=":{"valueMac":{"type":"Buffer","data":"WmyVVd47YCkrUMdyEbsw/S2Bw/i0zC8U1FCDyHOFWMc="}},"NtDiRCcpAleyYLabNKN4AyyDFrpguYgOcN9LyoWViqo=":{"valueMac":{"type":"Buffer","data":"aGw31DDLaffEnQHI0DuIx3tkZcTLoGN0YPKzg4m8gO8="}},"fcGt3Cl+BMT9IPVilCZA4k9+HvN99hD1uZpgd6FCzJA=":{"valueMac":{"type":"Buffer","data":"4j8NBZ/SvSvUsc9xDN1k0Fwy8Aun4zSTbzyyCK4/FcY="}},"+UL0XQqmbZd028UQV+t57+fGmJW/dVXqAxpgLwPOZik=":{"valueMac":{"type":"Buffer","data":"zvLsGBuhnJtRYWxMUvYlLw2wZw8Vg+un/VSzTdBfGlA="}},"JLwDxtAkPtJYxRBXBK3TDKFxcv6SmRRQg8oLN9QDYc0=":{"valueMac":{"type":"Buffer","data":"ma9eryKwHytLsf9YlJdJhuBB/1rTLftYpT6tK11b2uo="}},"xC7j4JJURwQwBxQjW+Y39Uj1Y2OdNGfVyDPdx/peNSM=":{"valueMac":{"type":"Buffer","data":"ZCGWTepbKFJX/zLc2XcdcHeeULE/KOE8tqha1sczyBg="}},"eKZLq1CEkTnUQoNgObhskY6t2Hh17nqOJJu+kN2SIWs=":{"valueMac":{"type":"Buffer","data":"6XgC1SiEDt5CF/HplbyYSziThxHW5ICGQM1qJGNeNv8="}},"Dm89hgQSf9fiOp9Jkgb/IgE1nf28q2Hap+VmnYIk2cU=":{"valueMac":{"type":"Buffer","data":"RWknzCo5VpjPj3OrjWHf3PiakBLX0X3uZP5u79lWTGY="}},"inmTI3LgxN3uZZPGz/ZHVkF0d89nkwbvY5GxLhNcJyE=":{"valueMac":{"type":"Buffer","data":"vYt/jzaEmyNDxdEfSIVFGpDIqo8xMjxx8Agy6b+kHGs="}},"fn11j7YBN5gZ7Q2ovgbTdFHaacNgIy2AmB0hGth5vbQ=":{"valueMac":{"type":"Buffer","data":"9kovMJsk7eWIG9FpYDhmHHrZWjvemhAj9d83/o3bRrk="}},"DBkN1dyxP7YOV3z2ntAC22zT1SNTR+0UOYPqbYajpLY=":{"valueMac":{"type":"Buffer","data":"Z+3y66nO5vdNk9PaxxTNfScFPMSajj19G5/rz4Dr4I0="}},"Z3hjEipkEsOkBUdfxha9NsoWmVrKBz5zuMt7L9dCfdQ=":{"valueMac":{"type":"Buffer","data":"qnx/b9dLxNI3EiwsXtrm5B3YCUkvO7zZ/T7rLXWeD8M="}},"aHohFVdzAD1h3ecaaZCT6zF8FTpH38LhiJMVh9NIHXA=":{"valueMac":{"type":"Buffer","data":"Ct3JfvezMY5qaRHvFRWhRws5bzReWw61wHopSnB+moE="}},"DVwVLslM7aIDRjLcDfsGDIA8mHUVzDaZ2e7jc/Y6beo=":{"valueMac":{"type":"Buffer","data":"P89OHnzHy2UIQ3DXOPy9LpeyE/piCzRySx8dbby5i1o="}},"SORIc5DqVOj4ql8oLIaezn2vfaeokq4ilqITnV+r3us=":{"valueMac":{"type":"Buffer","data":"aHh10LoweIFMqMQDKrqsEW0YcB4Gsuta3e1YBlng8aA="}},"GF5ZIMtKUbteFvK/MmkQGcu2LSjvi761+lEV0qAEdSM=":{"valueMac":{"type":"Buffer","data":"9YQXlN8OHTgb2UeF1KB6+jydQVo5APraAfagmmdr+bQ="}},"PrS2uV+EO+uWxYk2LvHvgEbyy7Fp3YtW7fudHMxIuOQ=":{"valueMac":{"type":"Buffer","data":"zUj3CdSY8ivI3fF9ai/+7TrACzuZLWOkLCHpFcAjfaA="}},"NGdQ+bn4EvtuCX9z10f3TC3udAdzVwWPB4whck3vQrA=":{"valueMac":{"type":"Buffer","data":"R8HBwfWC4fzQQ3YBXPHYbIUSMwvxzfWyWt4rZCB70wA="}},"d54E2aVFXTpLWyEtASfpFgA1wriIuGTR/LVRTga1V6U=":{"valueMac":{"type":"Buffer","data":"SLqN80fORkk2ECpHqHvCHHEeiaLfdgi9oUz4Ga2a/nE="}},"nNTrS63nb/IYCbrClZ0EWqEiPoDWAK2e44i93ugeIN4=":{"valueMac":{"type":"Buffer","data":"PHRePZ3ByLNkGz9s1483w4xwo1tAihlbyV5uOjSlWEE="}},"pbbIC6bbB6b2ikEQQMwN7IfkpeOujgiYxgl7T85fzJ4=":{"valueMac":{"type":"Buffer","data":"Lwd83TOOM0MQFPGIf/bL2ra/YY7BRRbXnc6jTV0S24M="}},"nTbA08PLlWmx2VtQEowZ/pJRf/M77EIGI5Mn+WTGkC4=":{"valueMac":{"type":"Buffer","data":"LLTQP6mMCvtMnuVFRKCiuwLxBugRWskGlyPOW2GCgjI="}},"nMWh375dM+W2xhqn6IcMxRTynBMGI1hwYcQ2Euf4T54=":{"valueMac":{"type":"Buffer","data":"lrYFwNtco/F5hAbSIqd7zSsRTVCuxutywj9OidXhEKE="}},"Klhd2LmJZiTsQv2cPuA5XTUSful8yhdAt/xwXqly/l0=":{"valueMac":{"type":"Buffer","data":"s8JGIrJtR/wCPLGPHwnd4DhHvjb0zvmxZ+DdwGl2sfY="}},"FXRZokM/EMOUmDTmQSFEboWG7nXXUC27mAGk8LIdupc=":{"valueMac":{"type":"Buffer","data":"Qnmy9vxkKnLgaODYgPQm2gYNddIqjAsYoKYnaQ7Y/NM="}},"Nzpe0BC+GOtJYoXtyrxK3ZH9hX7xxdNwsEJR/1gWQWo=":{"valueMac":{"type":"Buffer","data":"nYPBMAc0+M1NNNOS5eltkVB9upPmDIpCm1iVHz9HvJU="}},"AMXNyh/5Qxa5j6fw0hSnmuuOHh1pAlbINg053YXxTm4=":{"valueMac":{"type":"Buffer","data":"fwoNNDhuGDq4M+BBTyp0f20Vp+FMD2LpnE2rUttOqng="}},"gWepYajaYou7KI1645jwKkPYeheVJdYVRAT2aZ0qsCs=":{"valueMac":{"type":"Buffer","data":"TC9JoXsIJngaI5fohLLyhrJEIjvKkmiAbY+HGt3+pPs="}},"KcE0HSND4NXXQr2QhYAb+hAlE5qzVCNzpxaC2v+qOPw=":{"valueMac":{"type":"Buffer","data":"70g+lOO4DUFQ5/WrqrY9iBv7YIYdaujf/oyEKg+i1Tg="}},"Pd2Vf9Nn14tNiGr/mspn33rba764UnWqNRwddlLA9t4=":{"valueMac":{"type":"Buffer","data":"RIOPO2QDXBrs4YYHHq/Rtm0IBfbcqUWGQiEEioP0ijA="}},"yx/rqUwB3MYlQxt72GS2fBds7HPkw6r/SBdnnITtkHg=":{"valueMac":{"type":"Buffer","data":"F1qOj9Yre3nfgyjxbHMripOlWtbYIZYoChmBJL6Btnk="}},"ZdjOD5QxmUHB559nAsFNhC+ksMxsgAiErIJCM+oPSmo=":{"valueMac":{"type":"Buffer","data":"B4T0eqlrJ1CFhYLc9o860goAnoui0PL+CXe+mnKJcIQ="}},"H+c6pDQrDZ1OfKUE+kEV7FG4XxGvROqmYGiqFI32aoI=":{"valueMac":{"type":"Buffer","data":"NQiE+vSRH1nuivzwpqNeUSK48LtMJNqa83S27PMgfFY="}},"k1FYZbWoaVS/BnGkNrAwgIq+03D2dES9dkk13+STpgo=":{"valueMac":{"type":"Buffer","data":"TxM0nTxoHIvObCErop/v1/WqQgEMMCVBAylCWD5VmC0="}},"ezjeYpgl9z1dnynUdO/6TQjnEU/qHyq0JJCVLbhuSLY=":{"valueMac":{"type":"Buffer","data":"ajuU0prlTFC6hebW9TjGwAKdv9jCw91rGZsCIeYVLdM="}},"JlUIGJ1TRjSjmOf1fyY8N8QyqCUGNsQzxcwjIIIIiq0=":{"valueMac":{"type":"Buffer","data":"gwE8jcGPaqQCT9GmxKxZTUJe/Ra4tWC8njAc/rt8vdE="}},"v+rWDyyKgpjrpRKrkwAlqpT2r3eKXatd4zaXelkZ3uI=":{"valueMac":{"type":"Buffer","data":"PPAi12/lhJqTWEp4ALVaQycirGgKhscWjOrqVi7g7zY="}},"7A88frJiU7N2nGgocbpA6aV8y6/dvYPgJpQmCdPuSjA=":{"valueMac":{"type":"Buffer","data":"4ftsew4Pelv5la+a1P3dSs0UiOyGcEnKmXl4PKoK40w="}},"3ByyMftien+RzsP004NWLGzfBvvjt63ODnHj2Pz6Bxw=":{"valueMac":{"type":"Buffer","data":"eOcTcOh7p+E9wGTDQmmWVcqdYfVROfc3/eNtuVrHuU4="}},"idKEtLwRc9mDJ9YU2rmofBybMWooWJx4sqVb+5ncz2g=":{"valueMac":{"type":"Buffer","data":"2kKKDS74tIS+B+LDzl92TBkTzhvAYagLxHzHmpse0vM="}},"sajrTmvNljd27nn4xmqNPpg2PD33J91gc9PpQT6NGPA=":{"valueMac":{"type":"Buffer","data":"tL/nAxSmg5k1TLEx1I6hSi1hmJ1Un4LnP3ckmipILas="}},"WNSJRRq4E6pOydSKU2uboVfzzwDe1cNT4dOB5Y+SeFY=":{"valueMac":{"type":"Buffer","data":"B4iu37wUSbs/P9Z9WHzF+TnOCK9YDWZaIAfvfnnf+PI="}},"BaxKBjhn+LOCO5QL+wfcO/XF01Uu1fYwRdC2ymwP9wE=":{"valueMac":{"type":"Buffer","data":"4sIK4W+RZ3kaN8/XvlKtklkttk2tY+aHSIzwpA4Rqq0="}},"560WCmln2u/mJ6GGdpfiogoHT9BVykA9EH3IhrJ18zE=":{"valueMac":{"type":"Buffer","data":"8jgLqe4zoNRzcSFuX1M5jSLKWOyG13KYMRQoluPROP8="}},"nMOLJmV85Icd2A6x3oQqyM8rfeiRNMojjoKHFvGs0Vo=":{"valueMac":{"type":"Buffer","data":"r10vFcNioq7l2PqZBO+6SguzwqVglhySPeJ4InjjZPU="}},"JvB+St9JxUrKzK675ADB4NkeQqxLBZVY81NG+mmiv0M=":{"valueMac":{"type":"Buffer","data":"tQOqKZzPVD92PHksQtEpPKHO/AE9FOtNKXqqIYTs9rM="}},"u3fw4JPA+Tw5SDixCfm199DX1oKkcOS+l2zeeIotx+k=":{"valueMac":{"type":"Buffer","data":"H0535WNIBxPHKecUlAlhC6/pEOBJfjP83Itejm2/yk0="}},"j8kTIkvrZ4j3bOC7vLEX7qqOfl29SxN/G4ZLji21Q7c=":{"valueMac":{"type":"Buffer","data":"RDTYZ5a0YvN7kGJGuvkyCORmqRE/q+/fQNcCwoHZacE="}},"J/0QzN5VsZFajuBudsFKDSwRmaQW1dIMBbSIlW4Kq2o=":{"valueMac":{"type":"Buffer","data":"D1nexaEdG2Cg0SEscTkNIeQZatJK14q4pg/my/7/yRQ="}},"/bL2TKbrt7+1lq1dMo2o94B48xvCdyjD3UikNJEYn7s=":{"valueMac":{"type":"Buffer","data":"Qft6z46KEHTzzzBDV0fQbbd78PXexxdUZI796jZE6yg="}},"tsC6YsAheh76U3L+gWmpYAp/WzotYn8Zd4Xr6AqQKZY=":{"valueMac":{"type":"Buffer","data":"5PKHFMn3kcfHvm5KKGGOAGV1cImgh00JEDItw4afIak="}},"WY79iN8u7lGZd8ZEu1RnFvH1nN4BIWmjURy/VmXRc/I=":{"valueMac":{"type":"Buffer","data":"56D2PLepKeRk8Yzhk6CQWSrpr+Oj7BIzefAd8WKSiLc="}},"2wFE35lG6r9i8TiqOeBigJaDXgphElm6h6cO0BmDjv0=":{"valueMac":{"type":"Buffer","data":"ws9c0UE/ZANCTeumfjx/LR/YSbXUcRfp5hLTgbUio1o="}},"PXt6ZaBh/U78i5IFxAiWB40U0CCMLiQMC0BW2meWVts=":{"valueMac":{"type":"Buffer","data":"8HWsMsbenWjIg0yS40UbhSsOKpzWkgG8avdqrMl+utg="}},"KNL8tdbja+OHlldJoZGq1M44R4b312Y6XL9vubgXIe4=":{"valueMac":{"type":"Buffer","data":"DpjDKi8YmsEaVOHnIZCKBNahP8sKM9IK+nt3gKlsM2E="}},"0Ld2WCwbk0XkqJbjDq3nt+oq8skLxibLfm+iP3Rxegg=":{"valueMac":{"type":"Buffer","data":"drDLxxj3Uimy38uyQHI/nfbr0w6E4nhtPfchESShz8s="}},"oigHAM2XeCBoI6yTGthAt/35HqTbiItJD52mOi/nZRo=":{"valueMac":{"type":"Buffer","data":"RrKFLoYExt6vWSw4A5T7eQcOHXoYGbKRgxN71pCTe2w="}},"D01ERNYH/G/RHhH/5ef1bpSD1QTsBd1NKkmw96iwq9A=":{"valueMac":{"type":"Buffer","data":"T0CFNLkMWHue9lo+p7/P0gK/YUvZZCLorod5IW9ipNE="}},"MvEh66WBzPtIbGiZPKXNF546yq358iSdcRmiP92kefw=":{"valueMac":{"type":"Buffer","data":"8AUhIwba2/HwGyQ5AzrVKUstK4iAW9KubgOk92m/SYc="}},"wDvZdQTgekQG6prA7mHDBbAiCR/DsnKnyb1Fgud4iqw=":{"valueMac":{"type":"Buffer","data":"s5+DEFe5WOCySyHdFqqtyjd3an9AgcOPCATnQe0GkHE="}},"2NQqoS6UHjgqU52M/CloDLi6LU6Zw66RHbyJUAFVv6A=":{"valueMac":{"type":"Buffer","data":"ghKB/MYKU6DSq0lQu/zXQK2/a5ev5TFu/dXBZlOt5UI="}},"atoLyk52IsRpEBb1GQutEw/VqwArKRD20fa1MfxBTaQ=":{"valueMac":{"type":"Buffer","data":"28kqdTBrFn8Lh47esbY1w6Mzl8U93TkABcnScFMilOA="}},"ozGc2ps5wRRyXdpxkTN3Bti0H0Mv252vvM+qXsL/71g=":{"valueMac":{"type":"Buffer","data":"zFtBxq/3113t8uJCoHpBCtW0JMpzL83fjO3S+391xAQ="}},"Fr+JkaPPN9S+/n+AJtkf+cCZyrhEkz4vrMfTPmpMAIs=":{"valueMac":{"type":"Buffer","data":"eS7mnqm7v2EKnk/8M30p9CDYCXQ9YlnjGz0Z8dKekLM="}},"zPo6XeB9eDTxh9iLB1KrD5UeJNaxVzNpEwGeKL+tVPU=":{"valueMac":{"type":"Buffer","data":"R4pgCxbAycDwDgUWtbYR8YbzFQX/EA5Id2AEWenQVkc="}},"zB6Z31DMUGv24e5DFGLa0htVKAkxDE2wISadcWaaShU=":{"valueMac":{"type":"Buffer","data":"xX0hVxokI6paJjWHYm5HSWJ0nDSbTvUG7DHtqIX45Po="}},"nZn31P07Eg2jmb71foXWBgKkZcueEn9i1MIXIu/woFA=":{"valueMac":{"type":"Buffer","data":"RqKnVakrltHBNnPLHkYA6rIFUeKWXjnmhQ/kn3hZXwE="}},"kJJrehVBo/adOkVdWzTXfEpQyjD32KbUgzE/49IedgI=":{"valueMac":{"type":"Buffer","data":"RI4B8uz6K8r3rXZBF4WR85fUJHbg4x1hXayURWXoPbA="}},"17ly4YJXEpYgd2Te6mFusmW8IM+5+VLIB9N072+vPek=":{"valueMac":{"type":"Buffer","data":"WZF7/651xyKRp8nLCe64Uffc1yLWnNZ5exa6kOLtR7I="}},"WqAgCfM1fYZiTXqSYHkfO51V121V63dl4idceY3e1Bk=":{"valueMac":{"type":"Buffer","data":"KUreE7932N65T5eTmktN0wpExx2su5EIZAU+CAUQaAQ="}},"OcmA9qeZXHfL1VA6JsFq/qOecvFUG70hxS9ip1vy4go=":{"valueMac":{"type":"Buffer","data":"a4nco9moNwCi8OC0YKtZxw1H3PAJE5DQdefAOd7K7hc="}},"msvEZN/sk48uJcfx4egl6MV1+GvCC905pTtMbeE/53I=":{"valueMac":{"type":"Buffer","data":"TWrhuOu170yF1mHvc7H6P/ShAz0jDjpSLhQNAgreAg0="}},"8/XpdNW2c8EXg7/IUhplM6XBjtELJwfBLvPA2UURweI=":{"valueMac":{"type":"Buffer","data":"i63VS7wVj31a0hytJxyni9Qjlh8CmA4F+dPFArmYywM="}},"QxQY5840O+lsAB3XoepACA0DTylDRDQB3vuyAXcoJmE=":{"valueMac":{"type":"Buffer","data":"7gUIh2zWwxpcnHGCaZIe9HDneFLAryDp5sIZiy+t4dw="}},"B9VCh6+xBT3xAPYGeeL5r6EfbdXIYxAKHSyghvNq3po=":{"valueMac":{"type":"Buffer","data":"LNqCoEAnJuIbpSYVZwQR6zuydyd6/3ZFd/m4Bcfa/g0="}},"8T7ZdbacC0ZXx2KfUC8E/+S7IEEpF1QgFPKBMgMuVaU=":{"valueMac":{"type":"Buffer","data":"kvaXRoJJtHLyp0biufl4npHA/+0s42py+J9WBR0N/jM="}},"zZeEPHondKSj3KZODPqKlrCb7oGr+zp8jKKYLZt/NB0=":{"valueMac":{"type":"Buffer","data":"sABRXX1G4LoSqrDMBggczkcXtO1SEA4y1r4Pqi/+rbE="}},"w/xhRBhNBIV5xw18TMRLglqXzmVE1qMIIoWSRwAYFxQ=":{"valueMac":{"type":"Buffer","data":"+XQ4X9uf4vtk+mi6KHjgbltvLoHwiWpejYvHLwABBWA="}},"a9+PYoF5/3vIHB8QjBgl/b6Z8NTscRJX9IbhYluD0LA=":{"valueMac":{"type":"Buffer","data":"wt+jc+zn8mF+ooA2hSy0tqD1ESejdv5K5R51fHUT04c="}},"6ldUy2Hz9v4xAgkS2EW0ej0weupUWA8d6VGWPTBYQcQ=":{"valueMac":{"type":"Buffer","data":"s8UyUofJSkmj+ADIcH/KSgJHEXwlE6MpaswnUF6CtJM="}},"GTp2DwDUTofq7kl66na/ZatKpw/I4l5Oxm8qneDX3YI=":{"valueMac":{"type":"Buffer","data":"gbPZ53JmDwml2XumsnANphoL8/2Yx6/p7aURg/5rb6E="}},"uMQb4x3joTikJaAVlNAuiARVw432hyozQWZjs++XgOs=":{"valueMac":{"type":"Buffer","data":"UOGKDqsXQ96HLCyedmXLy5NyoD5x70mY+iqmXSSAnL4="}},"ScbhdRolpUEH1EyB9pHuiMk0xhV0eOOmfyOgM2AiMmU=":{"valueMac":{"type":"Buffer","data":"liTBOOgkVqQsoju0Edps7ucXD1RYJ0Pfo6lkcUwZ2Ms="}},"axUgfe0kYtHghXno8lQCSV9djZa1EGzDb+f6fTZSmuk=":{"valueMac":{"type":"Buffer","data":"roccrHTMoUUQ33ZsorRH6oisNXdERZqfp7AKvSpydkA="}},"qsf/9C3Yiv+cz+zFllKAtgJ0RP/uxaWVN7WYLv0l/Do=":{"valueMac":{"type":"Buffer","data":"NkbFCdrlEqKYP9rIXlEdPwyyMZaj+j8a92BM0Mp9d84="}},"nSV6FYsgn9p09jj0+5QCXVPGoKQd40NElI6dYbo1jpk=":{"valueMac":{"type":"Buffer","data":"ZwIlPoC+qA+DNMHZ7V/ppES+z5A/lXc3JGA+9YtEyZA="}},"xZ5EEcVUhD/5/LpFZrDOayp8RoP65j28o9YSKZVjnaU=":{"valueMac":{"type":"Buffer","data":"nU5mnji1eTjnFehVip/gsbwofxp2BmlTgJSMVomT6rE="}},"HI2C+8JMUUNFXSF/b+nBTJ0oRlj8EOgLBm6OyjEmhMU=":{"valueMac":{"type":"Buffer","data":"SN3GshHZZgLJxueyjWIlTqo5+7w8uHRKITjlE2B0sBw="}},"p8DxqTx5zvP2wFCanuRs6Fb/AGp98Pkj79F4k/SCTLo=":{"valueMac":{"type":"Buffer","data":"XP9JmjCtFxctnduEDo6FiscB+z3YwzrRAvL7kXONmSs="}},"5CiWL/Q8oXMOI6Ey5eYGbUvbIvYriBBzeKhFexvfEGo=":{"valueMac":{"type":"Buffer","data":"zBS9Uj3zunrsZoEnPIHnwnkgHvcFWnfU9Zdcx7jFGR8="}},"LN3VMT4YlfRAC641zDhl0sLxYAkV6LbaKdm1sQeuDbw=":{"valueMac":{"type":"Buffer","data":"9X+fgjv/xwoIFaq1YWRGbReWEQyDyr7O3wJoYKf5l8E="}}}}