{"noiseKey":{"private":{"type":"Buffer","data":"MAeVAV0MRSUB/Ax9d4gceulgbjy1hYYsQ6mfQnJrYXE="},"public":{"type":"Buffer","data":"NHLp3gkLEtK9GZU/JjKYw/oe+q5t7B/W3fYnTJNDPC0="}},"signedIdentityKey":{"private":{"type":"Buffer","data":"EPklmFbSEtwksIcufjH+C6V+X0+Wli7dahgA2Fd6tko="},"public":{"type":"Buffer","data":"d7dZOmTDqKOtR1E+CAnNV+9Try/5E1hS2mx5lVuvx30="}},"signedPreKey":{"keyPair":{"private":{"type":"Buffer","data":"yAgTtcZ+TBPQmhJ5L6M1ckNcug9frP6j2/FD1hcMqVI="},"public":{"type":"Buffer","data":"IB419B/mh8TUmDppuyL6fDahkZ9EmwtKW9H/Y2Miehk="}},"signature":{"type":"Buffer","data":"lYUSAu+WcBn0Jb7E4ihID1Ze7UPsJX/DqOSMfzUXMTkPucsi48iq5SOPoBFgnvqUntE0+LElWP16Pt7vpGRVjA=="},"keyId":1},"registrationId":32,"advSecretKey":"ZhSVnM5hq3l3jnEsnomnuQT4qeJxTMRbrOqB5Pdy5FU=","processedHistoryMessages":[{"key":{"remoteJid":"6288213292687@s.whatsapp.net","fromMe":true,"id":"DB181D671C6D3E3E568416E236CDDF85"},"messageTimestamp":1683690793},{"key":{"remoteJid":"6288213292687@s.whatsapp.net","fromMe":true,"id":"A71317A7F97FD85EB169DB0F4A3ACF6E"},"messageTimestamp":1683690794},{"key":{"remoteJid":"6288213292687@s.whatsapp.net","fromMe":true,"id":"4C4EE8CA52C5ABB37BA2537FCDD6E730"},"messageTimestamp":1683690796},{"key":{"remoteJid":"6288213292687@s.whatsapp.net","fromMe":true,"id":"48D19BC0859709AFC3D0C0BC9D1D72DC"},"messageTimestamp":1683690796}],"nextPreKeyId":31,"firstUnuploadedPreKeyId":31,"accountSyncCounter":1,"accountSettings":{"unarchiveChats":false},"account":{"details":"CPjApAcQo6rsogYYAQ==","accountSignatureKey":"T8sMlV4WRTVa3KyyhMBnbpOhUzznTdl1d/6P+ATgGhw=","accountSignature":"69xE3ZnrIT1LkyBN0g8EQRwah8RLFVHyl9m/NmIB6KzrH7hAzy4a9AQyCJoXpsc3zlnFEK6TU96oS3cse2u5AQ==","deviceSignature":"csBpGuphBK8GWZIt1nWXwyEJjvhjWjCBF/xzjRljqRBVyPcRa3YN5wFoykQIQzJfYqxW8XZP3s/UrcVCN1lrgw=="},"me":{"id":"6288213292687:27@s.whatsapp.net","name":"Jojo?"},"signalIdentities":[{"identifier":{"name":"6288213292687:27@s.whatsapp.net","deviceId":0},"identifierKey":{"type":"Buffer","data":"BU/LDJVeFkU1WtyssoTAZ26ToVM8503ZdXf+j/gE4Boc"}}],"platform":"android","lastAccountSyncTimestamp":1683691334,"myAppStateKeyId":"AAAAAJ/Z"}