{"_sessions":{"BSOWzEL06gZbCS9Mdkf+3y0P8Q7uQrr5fiRq8bdg48IS":{"registrationId":1594213690,"currentRatchet":{"ephemeralKeyPair":{"pubKey":"BXOrJrIk079cr6H4krzTsQiW5rOVexTJP4RewlqVxuh/","privKey":"GGNGyYyBDIDomBHRy2kSN5uRj8sAqNPcMnkcYNO5ums="},"lastRemoteEphemeralKey":"BZC4amHMTSvqo/+VoY7XgAdTlOSpTRUXIB3UjLhRCsot","previousCounter":0,"rootKey":"+Bwk1AH56AsTlqIpVeL5R+/rb7eKAMHtnkrOtFAJPpo="},"indexInfo":{"baseKey":"BSOWzEL06gZbCS9Mdkf+3y0P8Q7uQrr5fiRq8bdg48IS","baseKeyType":1,"closed":-1,"used":1683691126177,"created":1683691126177,"remoteIdentityKey":"BXIgNiniOW9j/Pv90Zdfks/QOdRnP4V0zsYkdVvB16sT"},"_chains":{"BXOrJrIk079cr6H4krzTsQiW5rOVexTJP4RewlqVxuh/":{"chainKey":{"counter":0,"key":"cGrj4RL4FquD4EbgTwRmFXwt2eh/3fKsFjYnvrCbdUE="},"chainType":1,"messageKeys":{}}},"pendingPreKey":{"signedKeyId":3,"baseKey":"BSOWzEL06gZbCS9Mdkf+3y0P8Q7uQrr5fiRq8bdg48IS","preKeyId":6434069}}},"version":"v1"}