{"_sessions":{"BbfSIFnopqHcPejcLF6kr7VTRjIHOR5z79ap1Vf4tN9/":{"registrationId":1487148916,"currentRatchet":{"ephemeralKeyPair":{"pubKey":"BZgoaqIff5F/sbwD9XAb6my2B682OnOaNJPtaLyWpUZJ","privKey":"SFnUK6smwuZVkWh8wKkwTYZus9Y7j0u5xoCZjtwlKmk="},"lastRemoteEphemeralKey":"BeYa2wkLHFAV8u7n9+mmLFkWrpAXuC7a4p91+DLU1iRU","previousCounter":0,"rootKey":"qisgO97UsZKJVMXhwLvHV01NQxFFXz+XcDmAH7xgFZU="},"indexInfo":{"baseKey":"BbfSIFnopqHcPejcLF6kr7VTRjIHOR5z79ap1Vf4tN9/","baseKeyType":1,"closed":-1,"used":1683691126110,"created":1683691126110,"remoteIdentityKey":"BRWdN5wlEE/03YNS+yMirCYqBvK2g/zhB/UTFh0wgNwO"},"_chains":{"BZgoaqIff5F/sbwD9XAb6my2B682OnOaNJPtaLyWpUZJ":{"chainKey":{"counter":0,"key":"+a4gU/th04d/A1ojUZ1lRR2bmlWI1akJDqx30wL09lc="},"chainType":1,"messageKeys":{}}},"pendingPreKey":{"signedKeyId":6,"baseKey":"BbfSIFnopqHcPejcLF6kr7VTRjIHOR5z79ap1Vf4tN9/","preKeyId":5614215}}},"version":"v1"}