{"_sessions":{"BVlB7cgb674ajdhNdxHUO1Ky5QEXBzL3H/EYnt1rSlJs":{"registrationId":106,"currentRatchet":{"ephemeralKeyPair":{"pubKey":"BcDsttxUWk29cohglhjVpzP2ozEzlaauL2rF1nG/mZBr","privKey":"SOSjehopwOiSRTizteJxxXtVAgF1c3HqSgVC6xWYk3E="},"lastRemoteEphemeralKey":"BQagLyhq07pwBH1EtcjTKs0aHq9n073UyVBUoPCJHQka","previousCounter":0,"rootKey":"bZO141TqoQzLvR0nFp0ZfMuppt7N9Unhw2p7Oej2oCA="},"indexInfo":{"baseKey":"BVlB7cgb674ajdhNdxHUO1Ky5QEXBzL3H/EYnt1rSlJs","baseKeyType":1,"closed":-1,"used":1683249895642,"created":1683249895642,"remoteIdentityKey":"BeeOGxPKCbCmVmen39JwfAbMmJoQKcXG0ia+tPQ5/lIi"},"_chains":{"BcDsttxUWk29cohglhjVpzP2ozEzlaauL2rF1nG/mZBr":{"chainKey":{"counter":0,"key":"efaafqKLqG86pCxmzBFMXGjraU1kqW9HTa8qjV6fpLk="},"chainType":1,"messageKeys":{}}},"pendingPreKey":{"signedKeyId":1,"baseKey":"BVlB7cgb674ajdhNdxHUO1Ky5QEXBzL3H/EYnt1rSlJs"}}},"version":"v1"}