{"_sessions":{"BTwSfwD5c6rouS3aUD+UMKaxW3yFRlo2nV8W3tT/NsQH":{"registrationId":1333656989,"currentRatchet":{"ephemeralKeyPair":{"pubKey":"Bc0yzRSsh2DIWK8HotDxIkiBu2czQrGlNqU5WpY1uv4u","privKey":"mCQwcVgElgaF+pI6yIOKy8lF7idT8V9QSZjOZeqn6UE="},"lastRemoteEphemeralKey":"BeHdMoOWRUmQFqOuoKqjiXpLBs8luqSraG4EAYxpL704","previousCounter":0,"rootKey":"zlzKnkCmuDsbb+9CRkJGGnNADZERS3wF9kJ0LIPUdxU="},"indexInfo":{"baseKey":"BTwSfwD5c6rouS3aUD+UMKaxW3yFRlo2nV8W3tT/NsQH","baseKeyType":1,"closed":-1,"used":1683691126693,"created":1683691126693,"remoteIdentityKey":"BbryF0YFNaImMXLqtA2tV3tCKF7tGcTjcXOTjqZ+55kR"},"_chains":{"Bc0yzRSsh2DIWK8HotDxIkiBu2czQrGlNqU5WpY1uv4u":{"chainKey":{"counter":0,"key":"2TgHCj2kuhB4GoZL7HYZVFdEmrc4vxjzvgfCys5uYkc="},"chainType":1,"messageKeys":{}}},"pendingPreKey":{"signedKeyId":4,"baseKey":"BTwSfwD5c6rouS3aUD+UMKaxW3yFRlo2nV8W3tT/NsQH","preKeyId":8514690}}},"version":"v1"}