{"_sessions":{"BVjLFjgYH948USczq0p/hiem4WmZHj3fUY/WPalo10s3":{"registrationId":49308727,"currentRatchet":{"ephemeralKeyPair":{"pubKey":"BWZlLpFQ4/i8xd4qYtIwvGv8m7qpYboFyk81OH8Fjn11","privKey":"KCGxKSvf9jsazAWFpWCfLQAGIHy0fKGhgmMCcMvUs2A="},"lastRemoteEphemeralKey":"BTVf2Y+X48w1s4blFKRd9DpW0/czmxQ/413NoKOWxEgQ","previousCounter":0,"rootKey":"iAOe84y9uOFlfeLoZaAIarz3ub1NE65nCBUA/dfluVc="},"indexInfo":{"baseKey":"BVjLFjgYH948USczq0p/hiem4WmZHj3fUY/WPalo10s3","baseKeyType":1,"closed":-1,"used":1683691126073,"created":1683691126073,"remoteIdentityKey":"BQ5dj3PYnQZ22hqgbErdb8RS8fHyJ0/ATtQbziJauKND"},"_chains":{"BWZlLpFQ4/i8xd4qYtIwvGv8m7qpYboFyk81OH8Fjn11":{"chainKey":{"counter":0,"key":"IjtZUnxrCluG6bEuO8bIg0D44/5vW72HTAPd5yNT1l0="},"chainType":1,"messageKeys":{}}},"pendingPreKey":{"signedKeyId":2,"baseKey":"BVjLFjgYH948USczq0p/hiem4WmZHj3fUY/WPalo10s3","preKeyId":15883197}}},"version":"v1"}