{"_sessions":{"Bbcy0WWZFEm+EYU21YtNwrKFf6iHnAdYSritX4ApfHxo":{"registrationId":128262068,"currentRatchet":{"ephemeralKeyPair":{"pubKey":"BWbX3Vtt5tQ3hcVrgqAGmM/ZdCUrHThDwCK1NQbaqhNH","privKey":"sMSluJsBNIXZ/haq/8fsYq2KWWBJkokDnWvPXgOPqHI="},"lastRemoteEphemeralKey":"BXCAdbv8gENSmSTeW41SBPyjCyOhGXRN4rAgA5fhtSEi","previousCounter":0,"rootKey":"ImnZijaZqYTtqWtCsWyLA22YPNd7f32OqLkXyqZNSoU="},"indexInfo":{"baseKey":"Bbcy0WWZFEm+EYU21YtNwrKFf6iHnAdYSritX4ApfHxo","baseKeyType":1,"closed":-1,"used":1683691126807,"created":1683691126807,"remoteIdentityKey":"BbFDo4VWQpLkPAARmLqpF9Tub+HtXWa/miFKBuS+ekhK"},"_chains":{"BWbX3Vtt5tQ3hcVrgqAGmM/ZdCUrHThDwCK1NQbaqhNH":{"chainKey":{"counter":0,"key":"WiMrIU/pgIp9nTsWc9p4MhNSx5gClVG1m3nd6QdvqEE="},"chainType":1,"messageKeys":{}}},"pendingPreKey":{"signedKeyId":13,"baseKey":"Bbcy0WWZFEm+EYU21YtNwrKFf6iHnAdYSritX4ApfHxo","preKeyId":1758666}}},"version":"v1"}