{"_sessions":{"BeRBGxuj7hguV/XOCOxNgYTHxIorYMYXd415fie6570Z":{"registrationId":1790533608,"currentRatchet":{"ephemeralKeyPair":{"pubKey":"Bcbq42NEVWvxyIuvX9wuBBGGlc8+siU8Xx7/gWGkzlch","privKey":"cFAXhzniuVFr2a87NZMva1PXbI+5DA+jxHyOxvZRans="},"lastRemoteEphemeralKey":"BSGIWfLT/v8nT+yE9SVvpgVHaC9HICG7VnuU87Bgc2Mx","previousCounter":0,"rootKey":"gZXE//Ha4yRXqs5a9KDm/a8lC/OmwWWJ8h5sG9A0fjs="},"indexInfo":{"baseKey":"BeRBGxuj7hguV/XOCOxNgYTHxIorYMYXd415fie6570Z","baseKeyType":1,"closed":-1,"used":1683691125913,"created":1683691125913,"remoteIdentityKey":"BWpKiLjZ9ofQ9x35eXy6X9i07o7pcRsaNwVRW8nGad1O"},"_chains":{"Bcbq42NEVWvxyIuvX9wuBBGGlc8+siU8Xx7/gWGkzlch":{"chainKey":{"counter":0,"key":"RatLXNzDvLATzpdcgLvC4Q5ELfZoaBDcs5dnd0I/f3g="},"chainType":1,"messageKeys":{}}},"pendingPreKey":{"signedKeyId":2,"baseKey":"BeRBGxuj7hguV/XOCOxNgYTHxIorYMYXd415fie6570Z","preKeyId":4007497}}},"version":"v1"}