{"_sessions":{"BXaK4FjSJfrV3rU7tJ8e89jeKg/3rLo5sLuZxvMiim4i":{"registrationId":1031966546,"currentRatchet":{"ephemeralKeyPair":{"pubKey":"BWjugpB9V9sUAL5DWPn2KPq9czeSwTJHB+u6MTdExTpx","privKey":"oCeV/yZ32fbldap17NEZJJMTiYDZNFAVkKI9/W+VXHI="},"lastRemoteEphemeralKey":"BZf/SU1W//jWvXytMYZNp1EHrIN3dayeWFDFD5zN0Mwf","previousCounter":0,"rootKey":"ChaEk3GdMyfW0b1U9098GWacNP1xT8v1PE7ygfp/PpQ="},"indexInfo":{"baseKey":"BXaK4FjSJfrV3rU7tJ8e89jeKg/3rLo5sLuZxvMiim4i","baseKeyType":1,"closed":-1,"used":1683691126687,"created":1683691126687,"remoteIdentityKey":"BWM1kL/Kt+HQr1o1pgI1nz7iQEkJOueTAGsK5Zx379Np"},"_chains":{"BWjugpB9V9sUAL5DWPn2KPq9czeSwTJHB+u6MTdExTpx":{"chainKey":{"counter":0,"key":"sKTdIg/KifsNtgX/Hw+u+k616KOn+GJNbALS3p77GLk="},"chainType":1,"messageKeys":{}}},"pendingPreKey":{"signedKeyId":12,"baseKey":"BXaK4FjSJfrV3rU7tJ8e89jeKg/3rLo5sLuZxvMiim4i","preKeyId":6874343}}},"version":"v1"}