{"_sessions":{"BXLMubgzpagaBDinnzJ94PPJtMRpK75/MM/4XPpphu1h":{"registrationId":1193377570,"currentRatchet":{"ephemeralKeyPair":{"pubKey":"BRGZtfDkpJ1Lo5qDNk/s4fjWcoXkt73edJPWe4QuNuEw","privKey":"QJcFqvZtXnR15l2GoukHTnc/FPc27k9dkSR+fYWCs3U="},"lastRemoteEphemeralKey":"BXthAgAr88IexpeMReE+S25hR8vEISbWTTfJbCWUZEoT","previousCounter":0,"rootKey":"FzNSM/cEL0ej7R14gNM/8/N026ZA+ut6yuhEHV9P29M="},"indexInfo":{"baseKey":"BXLMubgzpagaBDinnzJ94PPJtMRpK75/MM/4XPpphu1h","baseKeyType":1,"closed":-1,"used":1683691126032,"created":1683691126032,"remoteIdentityKey":"BSIaCA8PFWG296Ym9Svtv7kLjqdMJl836NMyVdsd6pML"},"_chains":{"BRGZtfDkpJ1Lo5qDNk/s4fjWcoXkt73edJPWe4QuNuEw":{"chainKey":{"counter":0,"key":"LVx/yAMqRmifwecGZoFcxWnZs8eURj5DsAQQ5PcATgs="},"chainType":1,"messageKeys":{}}},"pendingPreKey":{"signedKeyId":16,"baseKey":"BXLMubgzpagaBDinnzJ94PPJtMRpK75/MM/4XPpphu1h","preKeyId":9876557}}},"version":"v1"}