{"_sessions":{"BcgT0dATUYon6TIjJWn3AF9ZVEod6aChPNPRjoT8pJdD":{"registrationId":1425639050,"currentRatchet":{"ephemeralKeyPair":{"pubKey":"Bcl6v/kVcDo/EicmjZ63trpxI7WZawORnhkO1V7CPlJ1","privKey":"iPvhBXT/m7lUB3ZWygH6jluE0C7H5ZDBSR/CKzrAGWI="},"lastRemoteEphemeralKey":"BYTAuiUi13lnj+ho02j62auWODdX2NrkXKNJT6KAYfgo","previousCounter":0,"rootKey":"zL4EwNyK3hiREw4lRFe3j1h1x7/Z5euu13prhNeP1Fk="},"indexInfo":{"baseKey":"BcgT0dATUYon6TIjJWn3AF9ZVEod6aChPNPRjoT8pJdD","baseKeyType":1,"closed":-1,"used":1683691126237,"created":1683691126237,"remoteIdentityKey":"Bc72aqw3f5xWq44F5Z52vms4yIt2VU2gi5SbY/R1/XJx"},"_chains":{"Bcl6v/kVcDo/EicmjZ63trpxI7WZawORnhkO1V7CPlJ1":{"chainKey":{"counter":0,"key":"TahKBiJh8hkRkfpvlgu7PhXjmqE8qiOXBa/e5duZLGc="},"chainType":1,"messageKeys":{}}},"pendingPreKey":{"signedKeyId":1,"baseKey":"BcgT0dATUYon6TIjJWn3AF9ZVEod6aChPNPRjoT8pJdD","preKeyId":1561568}}},"version":"v1"}