{"_sessions":{"BZ8VU8H86cDM2rLlLVtzQfOPt65d+IDL60WxCQJizW1G":{"registrationId":8530,"currentRatchet":{"ephemeralKeyPair":{"pubKey":"BTz/F20nSxW04HK1yBnBVJ6arhzrtk7XTaFoaz/Eq3ZP","privKey":"UPDrQ3cd7mn5pjMLIV+HGJLAbeePyTaiMisRdp4GL08="},"lastRemoteEphemeralKey":"BUQIjOZuPCxwk1Y2wDAtoYiXu7tCQWJQUCGqyD1bxUcp","previousCounter":0,"rootKey":"gwCvBDrfDi2KQGu00Elzjk/xctaJg6kBxJjZ3uveQ1Y="},"indexInfo":{"baseKey":"BZ8VU8H86cDM2rLlLVtzQfOPt65d+IDL60WxCQJizW1G","baseKeyType":1,"closed":-1,"used":1683691125599,"created":1683691125599,"remoteIdentityKey":"Bb2STgGiZuq3qag+WXRg30j9Ccm6x5e5TjwzUwFpue07"},"_chains":{"BTz/F20nSxW04HK1yBnBVJ6arhzrtk7XTaFoaz/Eq3ZP":{"chainKey":{"counter":0,"key":"DXEyGhggzFmBIC/8YZCWh6uWJLZlks9zXhAqdoytyNc="},"chainType":1,"messageKeys":{}}},"pendingPreKey":{"signedKeyId":1,"baseKey":"BZ8VU8H86cDM2rLlLVtzQfOPt65d+IDL60WxCQJizW1G"}}},"version":"v1"}