{"_sessions":{"BR5oxogabpANcSfzAk4ksW1SponOWqmRloBqOBE7FrEk":{"registrationId":834776518,"currentRatchet":{"ephemeralKeyPair":{"pubKey":"BZPG0CAmtnMpOceYZzA7kvEB/+jpRUE0+31h0MH9YU4E","privKey":"GLje1AiqPYSGnWuOGcZGaem10cIK71HUe06yUUeKd20="},"lastRemoteEphemeralKey":"BaHLJ96yByst/klwRnzqmBPCPXz9NgF8tzmWfTXtYmZV","previousCounter":0,"rootKey":"APOCAfDptPNbSF/quOpDsKORrV9xPizDxK28QiwSkWA="},"indexInfo":{"baseKey":"BR5oxogabpANcSfzAk4ksW1SponOWqmRloBqOBE7FrEk","baseKeyType":1,"closed":-1,"used":1683249895654,"created":1683249895654,"remoteIdentityKey":"BXJb3n/5HZK8Q2R6dQncFtYPza/3IfwAcuRIaY9lWsMK"},"_chains":{"BZPG0CAmtnMpOceYZzA7kvEB/+jpRUE0+31h0MH9YU4E":{"chainKey":{"counter":0,"key":"AIf1Ivt2eR/NQ8A6AK7VF35PuU+uV+WKEuiEJvnIMPw="},"chainType":1,"messageKeys":{}}},"pendingPreKey":{"signedKeyId":1,"baseKey":"BR5oxogabpANcSfzAk4ksW1SponOWqmRloBqOBE7FrEk","preKeyId":13673403}}},"version":"v1"}