{"_sessions":{"BZAH8FgijECrFmW2YMV/xdr00nIX6ws+SMdyHfap+Vcg":{"registrationId":135,"currentRatchet":{"ephemeralKeyPair":{"pubKey":"BZhM2fubq/4kfgig2wkbkuTY5zDfl/aMhHbE+326/uY+","privKey":"2CCyC4Bvaf9CBKLipFw0pcEZxmebzSaMZlOJ7GcijkQ="},"lastRemoteEphemeralKey":"BfmKtfFi0gXmbZMb6tXPcKBAqE3auxzbj10JhYre8ZQZ","previousCounter":0,"rootKey":"tM8kyfkGFGUY/f4bVZ0U31U1eZmwq7rXtTl/yWZl0UM="},"indexInfo":{"baseKey":"BZAH8FgijECrFmW2YMV/xdr00nIX6ws+SMdyHfap+Vcg","baseKeyType":1,"closed":-1,"used":1683691125662,"created":1683691125662,"remoteIdentityKey":"BfivScFS6WOwZd7BZBSMNSGGYtXQiwFTtvjnJ3MbMpkQ"},"_chains":{"BZhM2fubq/4kfgig2wkbkuTY5zDfl/aMhHbE+326/uY+":{"chainKey":{"counter":0,"key":"S4C+qXGIXKlwP64A/mIbdqTex7n6F6EGSiBSWlH0x2Y="},"chainType":1,"messageKeys":{}}},"pendingPreKey":{"signedKeyId":1,"baseKey":"BZAH8FgijECrFmW2YMV/xdr00nIX6ws+SMdyHfap+Vcg"}}},"version":"v1"}