{"_sessions":{"BeBRdgIYYWfVEsSzfLOVShSe+8H8mYkppVf+EFYoc8J0":{"registrationId":1716623686,"currentRatchet":{"ephemeralKeyPair":{"pubKey":"Bd0INR7Ed7LhDDBWFiBR0ysqZQTT12kfMok0vyZ1TGcO","privKey":"0GJ+mNwtP0y7mcpyxl9Id0Pumh/4o3o9sHnN5pvHglU="},"lastRemoteEphemeralKey":"BQEHR5BywyhrhptKaiVJ562oVF1U3Bp8oeYwHL8m3j8/","previousCounter":0,"rootKey":"wVmt2tM8nrdvnZUrWOnRVviq0H6dIcy3cGSHJ5vuNYI="},"indexInfo":{"baseKey":"BeBRdgIYYWfVEsSzfLOVShSe+8H8mYkppVf+EFYoc8J0","baseKeyType":1,"closed":-1,"used":1683691126232,"created":1683691126232,"remoteIdentityKey":"BZJ16HuL7nMPD2vHMb5NW1PfkduqUMHR9PH3BTdwmulM"},"_chains":{"Bd0INR7Ed7LhDDBWFiBR0ysqZQTT12kfMok0vyZ1TGcO":{"chainKey":{"counter":0,"key":"XfKp2pZ9Bbp8TstgKl7Ug0zsLVqgPZD7J7JW7B0utzc="},"chainType":1,"messageKeys":{}}},"pendingPreKey":{"signedKeyId":2,"baseKey":"BeBRdgIYYWfVEsSzfLOVShSe+8H8mYkppVf+EFYoc8J0","preKeyId":8698813}}},"version":"v1"}