{"_sessions":{"BRzuI9eNHjJGeCMARpbBIadriJcsXEVwM8ifXSa77moF":{"registrationId":1497817171,"currentRatchet":{"ephemeralKeyPair":{"pubKey":"BXPvzKSzoHlVaual1Z3Z7j9Qw/2W/YgFotVRHi5hh0AU","privKey":"EIey0fB6LEyhs1BsGCWR4x2d/AX5YA3J6fSZpbp5smg="},"lastRemoteEphemeralKey":"BbwxBeLqloR3TC4Q2gCaAIxgbn0cjR83OoeTUWNgh2YH","previousCounter":0,"rootKey":"hBukz1vhsRa00Xuw2Shxo2Z7V173B8KMCLAUWIPwlMI="},"indexInfo":{"baseKey":"BRzuI9eNHjJGeCMARpbBIadriJcsXEVwM8ifXSa77moF","baseKeyType":1,"closed":-1,"used":1683249896160,"created":1683249896160,"remoteIdentityKey":"Bewq1kXGfeqAU03f0NyiAxNT5GyEzOsPJbLXg3+gVlAm"},"_chains":{"BXPvzKSzoHlVaual1Z3Z7j9Qw/2W/YgFotVRHi5hh0AU":{"chainKey":{"counter":0,"key":"U5dASRf6nwpnzVeu1aelXDLFAOWM2SvsI0TD1gh44Nc="},"chainType":1,"messageKeys":{}}},"pendingPreKey":{"signedKeyId":3,"baseKey":"BRzuI9eNHjJGeCMARpbBIadriJcsXEVwM8ifXSa77moF","preKeyId":8546439}}},"version":"v1"}