{"_sessions":{"BVmgTz8ByMwzFTG78BTFO47DiiHhCL75zZWecjammRZw":{"registrationId":441319152,"currentRatchet":{"ephemeralKeyPair":{"pubKey":"BdaBpRKBWgLO1h7X7KoIHLRbg8JV/e2JYUhgWthbtvBb","privKey":"+IH6rEl1YGvjDsBWTEdWeM1ojzsSitVCZAyi5XlLy2w="},"lastRemoteEphemeralKey":"BW5zYx1rw7R7bYjmZiIo6ez2KxhUwPGXfhFkeZ01UyUc","previousCounter":0,"rootKey":"OP7ARtKtz/Za5Ozr+4IsZbK1RbPDYvRtvBLIjdfg0Z0="},"indexInfo":{"baseKey":"BVmgTz8ByMwzFTG78BTFO47DiiHhCL75zZWecjammRZw","baseKeyType":1,"closed":-1,"used":1683691126566,"created":1683691126566,"remoteIdentityKey":"BXObMErzPKWuNfi0m8KgITPPgI9PrupmVEOzEA5HMvAo"},"_chains":{"BdaBpRKBWgLO1h7X7KoIHLRbg8JV/e2JYUhgWthbtvBb":{"chainKey":{"counter":0,"key":"/uUXLV+kXDiWL57sE1QrVZce9aT33Js06VZvdPVYRYA="},"chainType":1,"messageKeys":{}}},"pendingPreKey":{"signedKeyId":1,"baseKey":"BVmgTz8ByMwzFTG78BTFO47DiiHhCL75zZWecjammRZw","preKeyId":11366711}}},"version":"v1"}