{"_sessions":{"BairshzsfiAwmZ310yU0hQD+TDb9cJ/kGgn7DX1Zia0j":{"registrationId":132,"currentRatchet":{"ephemeralKeyPair":{"pubKey":"BRwvbybYV1CGGWtc0moFTLXYQud3YZZoJae29ATF7j54","privKey":"EDhSU0YDN3c5JH7/+kwgdOpRLhpQJiP9SYQstkCvbWk="},"lastRemoteEphemeralKey":"BXvSDsaJdDKGB/+yVLvVTLtvEwQj/NYZFTt1OG5zDcMp","previousCounter":0,"rootKey":"6xombgPkjzQ77sEuMHVrbv7IY7qPs9XaLqqjCIBWTTE="},"indexInfo":{"baseKey":"BairshzsfiAwmZ310yU0hQD+TDb9cJ/kGgn7DX1Zia0j","baseKeyType":1,"closed":-1,"used":1683249895687,"created":1683249895687,"remoteIdentityKey":"BRgNrwu4AlNArPSUrEpT+JFRlBG8jaAfZ3RLuAyR498h"},"_chains":{"BRwvbybYV1CGGWtc0moFTLXYQud3YZZoJae29ATF7j54":{"chainKey":{"counter":0,"key":"HyeHSuCPcnUCaoJ+BgkzX8vQByrjcW/I8YPWO6GTZxU="},"chainType":1,"messageKeys":{}}},"pendingPreKey":{"signedKeyId":1,"baseKey":"BairshzsfiAwmZ310yU0hQD+TDb9cJ/kGgn7DX1Zia0j"}}},"version":"v1"}