{"_sessions":{"BQ8S1gX2ZwdxEwcEnWSkwANC3p7UA5V6CL3BPmSrybFl":{"registrationId":4333,"currentRatchet":{"ephemeralKeyPair":{"pubKey":"BeQk/eVO7tb51wR1KUtQMQ+L2l7r9cChFmEvnAvcoJcs","privKey":"UB0+WA8Cn7WChmgDmrIl3aeHpupv6ds5VTiS3aVLjVo="},"lastRemoteEphemeralKey":"BYVt6A0f7Z6WAMV7UyNagRxQwSulequonE3FGwI6ybEQ","previousCounter":0,"rootKey":"6YlA1iFktMwVHX2F0LCPHja/TeZqTDjPWUicwHubIhg="},"indexInfo":{"baseKey":"BQ8S1gX2ZwdxEwcEnWSkwANC3p7UA5V6CL3BPmSrybFl","baseKeyType":1,"closed":-1,"used":1683691125561,"created":1683691125561,"remoteIdentityKey":"BYpRSrF2EHbk2eW0f/vWW6CRNnktxHZMVHBM1fXSI5Y+"},"_chains":{"BeQk/eVO7tb51wR1KUtQMQ+L2l7r9cChFmEvnAvcoJcs":{"chainKey":{"counter":0,"key":"bdFkz9E6Eb9lEFhEvXvlSbf9Xz636Db1ptAehkFt8nw="},"chainType":1,"messageKeys":{}}},"pendingPreKey":{"signedKeyId":1,"baseKey":"BQ8S1gX2ZwdxEwcEnWSkwANC3p7UA5V6CL3BPmSrybFl","preKeyId":167}}},"version":"v1"}