{"_sessions":{"BUDjsq3KfWF49qjLOiz3kw2/aFIOX2LoRLnXSKeXhJlN":{"registrationId":1765390061,"currentRatchet":{"ephemeralKeyPair":{"pubKey":"BYvQoIw5gAlMZokwQFlKDfIiKg9wCBsbiR1K2VZSZCZb","privKey":"APuo0+L9jC65zktNmtTbWn7WrbHhRxqTblINEae84Ws="},"lastRemoteEphemeralKey":"BXAMCdfwfc7jzKjcQRQXQZStDYHedgFiNEGiP2ffQmY5","previousCounter":0,"rootKey":"7IleVaI+sX8xWcT2GUb3LY/lvRbVPSDqYT1X8fRlbIU="},"indexInfo":{"baseKey":"BUDjsq3KfWF49qjLOiz3kw2/aFIOX2LoRLnXSKeXhJlN","baseKeyType":1,"closed":-1,"used":1683691126116,"created":1683691126116,"remoteIdentityKey":"BckjoD4Nc55elHyA3EaHS3DYpyMToYyLlJZzPv7QCK1q"},"_chains":{"BYvQoIw5gAlMZokwQFlKDfIiKg9wCBsbiR1K2VZSZCZb":{"chainKey":{"counter":0,"key":"+YKMEWgUcJiTQucSEgZf2wT+/QGo/El4vu8TPSVODBk="},"chainType":1,"messageKeys":{}}},"pendingPreKey":{"signedKeyId":10,"baseKey":"BUDjsq3KfWF49qjLOiz3kw2/aFIOX2LoRLnXSKeXhJlN","preKeyId":5507741}}},"version":"v1"}