{"_sessions":{"BRdEl4owvuiInTfyO7vI61cvBNBZUlgDjnu4mhbt/3Zv":{"registrationId":277034093,"currentRatchet":{"ephemeralKeyPair":{"pubKey":"BUqBa78YJnBGSyh37lBfOJU7lN16VG0/l75gR0bYBkVj","privKey":"ODO2aHcZ9za3qNssOsz8W3/wrijvPDSeRVsJnxCDLns="},"lastRemoteEphemeralKey":"Bbg9xeHjFgL/C4fgxoRHi+fYTC1+gK9cgfQq6OBHn3l1","previousCounter":0,"rootKey":"5FptcZRyENjY+RRxRYBO94Zjram/qubFYMh7N4OqxRk="},"indexInfo":{"baseKey":"BRdEl4owvuiInTfyO7vI61cvBNBZUlgDjnu4mhbt/3Zv","baseKeyType":1,"closed":-1,"used":1683691126626,"created":1683691126626,"remoteIdentityKey":"BVB/csXpxdQa89YvIpVnBIGT3gqoTsKDmA76l/ueB3g3"},"_chains":{"BUqBa78YJnBGSyh37lBfOJU7lN16VG0/l75gR0bYBkVj":{"chainKey":{"counter":0,"key":"EQrjorhrGf2UbyHAnN91uUnsXZglNBkHQCbyo02LXDs="},"chainType":1,"messageKeys":{}}},"pendingPreKey":{"signedKeyId":9,"baseKey":"BRdEl4owvuiInTfyO7vI61cvBNBZUlgDjnu4mhbt/3Zv","preKeyId":10332427}}},"version":"v1"}