{"_sessions":{"BXXwGjaN2Z5VS94kpp7d+LhxoUlNmYYfPfdgJ7EB45gn":{"registrationId":2023654983,"currentRatchet":{"ephemeralKeyPair":{"pubKey":"Bek4OEk6A6EbSz9IC1liqmH6O/+v35je0tROtzlspRJ8","privKey":"kL0cdX35hobNIKCZw1nM4ixHO24oZWlaUQynM84H2HE="},"lastRemoteEphemeralKey":"BQf7He0acyI3uTbwOsy5DMmfAp6vyuSrr8b6EaLPEy89","previousCounter":0,"rootKey":"i457zIab0LVtFsDRyi/UIID54AzwjxZa3FN09+ii8HM="},"indexInfo":{"baseKey":"BXXwGjaN2Z5VS94kpp7d+LhxoUlNmYYfPfdgJ7EB45gn","baseKeyType":1,"closed":-1,"used":1683691126438,"created":1683691126438,"remoteIdentityKey":"BULpUFnA+YGbR8toOFa9XkMoe3WdyYaXQJ3/JqZ7/7oR"},"_chains":{"Bek4OEk6A6EbSz9IC1liqmH6O/+v35je0tROtzlspRJ8":{"chainKey":{"counter":0,"key":"w/b6jEaJHdIWl1pvDtsVRXPvQY3IKBRaboBfalLvXdI="},"chainType":1,"messageKeys":{}}},"pendingPreKey":{"signedKeyId":17,"baseKey":"BXXwGjaN2Z5VS94kpp7d+LhxoUlNmYYfPfdgJ7EB45gn","preKeyId":3036267}}},"version":"v1"}