{"_sessions":{"BSXKccdGBGLGifFlfZYBtIIyxwc5dVocNFNox1qkT2gc":{"registrationId":1707644630,"currentRatchet":{"ephemeralKeyPair":{"pubKey":"BZCOkbTOe4DwS/qArwxbtIy2wBFlq9yIvm//M63YX1Nz","privKey":"ICp/NHTKMX9I8Hn1+TkxNWAa28IUijZhOajug/bBD2Y="},"lastRemoteEphemeralKey":"BRQPC6MhwIIs4YKILnNcievN/RlzfD/rSbdfZcBfh/QW","previousCounter":0,"rootKey":"MU0R4x5hM9lZatPAzonQc+I7qcx/bA4IIpEg6VkWUlA="},"indexInfo":{"baseKey":"BSXKccdGBGLGifFlfZYBtIIyxwc5dVocNFNox1qkT2gc","baseKeyType":1,"closed":-1,"used":1683691126378,"created":1683691126378,"remoteIdentityKey":"BWgS9nFszes2DT7Ibuud9KAKy5HL03W0/7hYxAK9IjIV"},"_chains":{"BZCOkbTOe4DwS/qArwxbtIy2wBFlq9yIvm//M63YX1Nz":{"chainKey":{"counter":0,"key":"udleT+8bA9BbeLv9V+b7RdR4d8eSpYXtJKDlVDmDOro="},"chainType":1,"messageKeys":{}}},"pendingPreKey":{"signedKeyId":4,"baseKey":"BSXKccdGBGLGifFlfZYBtIIyxwc5dVocNFNox1qkT2gc","preKeyId":9751913}}},"version":"v1"}