{"_sessions":{"BeQQi2cJfcxXps4BDuloHbSGV2lgvxQP4PkHZKTtfkAf":{"registrationId":88,"currentRatchet":{"ephemeralKeyPair":{"pubKey":"BeXp0opSJfy0WN0+i9jg1z8KiD9uREeWgmTZxPTuJaY1","privKey":"cPhi9iXXLppovFwSlJKMTplI1T4CJXlFDrki8ZnBFGo="},"lastRemoteEphemeralKey":"BUsY8LH1PweyCT4hwkkSJioE2ZAN6heJV5a4aWCnAoMc","previousCounter":0,"rootKey":"eYyM57YluMScN5sRXLZheMqfqK/GtBr7bzbH+XtKvQY="},"indexInfo":{"baseKey":"BeQQi2cJfcxXps4BDuloHbSGV2lgvxQP4PkHZKTtfkAf","baseKeyType":1,"closed":-1,"used":1683691125628,"created":1683691125628,"remoteIdentityKey":"BfoWsL8cagchKyvnHUp8bFKWho4LNnm2DOnkhGmfkiN+"},"_chains":{"BeXp0opSJfy0WN0+i9jg1z8KiD9uREeWgmTZxPTuJaY1":{"chainKey":{"counter":0,"key":"aa2IvDgQQ5fCbnM6TTJdgLe3hUJAxXNTXNo0D8ERqr4="},"chainType":1,"messageKeys":{}}},"pendingPreKey":{"signedKeyId":1,"baseKey":"BeQQi2cJfcxXps4BDuloHbSGV2lgvxQP4PkHZKTtfkAf"}}},"version":"v1"}