{"_sessions":{"BROQ6EXCdHPZdoDuHoddYTQgPrE6gIw54hI4X4LZADZd":{"registrationId":1249219480,"currentRatchet":{"ephemeralKeyPair":{"pubKey":"BR35lKe131amNDpzCSsoMgliA9RyCFVJx050Bb5b/1wv","privKey":"gN0Yf8nl7opeT7a1qiCbNz6j6qKI4GOIOs9mT2pjUHI="},"lastRemoteEphemeralKey":"BbXRpNKNIFqtLRgrCHBRj/gT1AaaZDe5TzvuTTF9kC0o","previousCounter":0,"rootKey":"XwAGi4YRK4f66Sr6+HK2zmWihgVyXoP99f4gWtN3BCs="},"indexInfo":{"baseKey":"BROQ6EXCdHPZdoDuHoddYTQgPrE6gIw54hI4X4LZADZd","baseKeyType":1,"closed":-1,"used":1683691126700,"created":1683691126700,"remoteIdentityKey":"BVgVZ8XtHvKVfo7m5gsqdFZBBtbfakkiH47Waq/lVvVm"},"_chains":{"BR35lKe131amNDpzCSsoMgliA9RyCFVJx050Bb5b/1wv":{"chainKey":{"counter":0,"key":"y4jkoBOFSOQLscMqRMQ2Kka9QKUetzmbOlwnLksaJGo="},"chainType":1,"messageKeys":{}}},"pendingPreKey":{"signedKeyId":12,"baseKey":"BROQ6EXCdHPZdoDuHoddYTQgPrE6gIw54hI4X4LZADZd","preKeyId":3231342}}},"version":"v1"}