{"_sessions":{"BfeYrCv2Lk4ScpX/v/gtR269QkIoZBvBYTEod4e6Hyd0":{"registrationId":183337479,"currentRatchet":{"ephemeralKeyPair":{"pubKey":"BbeCeSZ41j1WJwuEr8dwL5vU0H3k6h7G0O2KJDi3KvlM","privKey":"kHoLavgOXO+kr3/aleb1SO9RRg8Qgo2ruTW5XLEmmWc="},"lastRemoteEphemeralKey":"BY1I0rJkUeUn4EMsd3dZey2tUSkqfrKzHBCpUuQcI5cA","previousCounter":0,"rootKey":"HAN33ChrmLVCpkrMvC3ri/YOnfqTQ0SPJ/1FxZXJEWI="},"indexInfo":{"baseKey":"BfeYrCv2Lk4ScpX/v/gtR269QkIoZBvBYTEod4e6Hyd0","baseKeyType":1,"closed":-1,"used":1683691126682,"created":1683691126682,"remoteIdentityKey":"BbLxTIHWgPu1s2dpXRHaphcOKA0nc8g31WocWHiM/ptl"},"_chains":{"BbeCeSZ41j1WJwuEr8dwL5vU0H3k6h7G0O2KJDi3KvlM":{"chainKey":{"counter":0,"key":"yTa6IUlK/qNNIQNM0Q/se0tEFcfT5BtWrLI+/LKqDWA="},"chainType":1,"messageKeys":{}}},"pendingPreKey":{"signedKeyId":13,"baseKey":"BfeYrCv2Lk4ScpX/v/gtR269QkIoZBvBYTEod4e6Hyd0","preKeyId":4218883}}},"version":"v1"}