{"_sessions":{"BQ7CmhRDQ8rO0kWp8rEm5jNGulLUVVXBF3/M17wM8eVX":{"registrationId":5690,"currentRatchet":{"ephemeralKeyPair":{"pubKey":"BerNnHhkLfkKQNgmPz6jLySVY+UYAsLq8PxWkVKiYTAw","privKey":"kKCMqr9rO3OTKN12CK0lhsNLKeJUQgBke0LSMHzBrU8="},"lastRemoteEphemeralKey":"BXKR86w2ShJHEcI3BMVu24hErEh1l4k9y8/Jo1tKm9df","previousCounter":0,"rootKey":"DW6I53MeAzPziMwdtRZAR4aUxe6ZSvsY/7NMSE09src="},"indexInfo":{"baseKey":"BQ7CmhRDQ8rO0kWp8rEm5jNGulLUVVXBF3/M17wM8eVX","baseKeyType":1,"closed":-1,"used":1683691125651,"created":1683691125651,"remoteIdentityKey":"Bd2iM1fIomBIbzL/OzfuFXsqrFuT3KJP75b/Psaye7I7"},"_chains":{"BerNnHhkLfkKQNgmPz6jLySVY+UYAsLq8PxWkVKiYTAw":{"chainKey":{"counter":0,"key":"dHfljR/fAj1ZEB35iM4dDgKqlbHx2KHodeV5uA8I67g="},"chainType":1,"messageKeys":{}}},"pendingPreKey":{"signedKeyId":1,"baseKey":"BQ7CmhRDQ8rO0kWp8rEm5jNGulLUVVXBF3/M17wM8eVX","preKeyId":67}}},"version":"v1"}