{"_sessions":{"BTktxPdXVwiu5y6uWcuyLRwCytGrGC9WZLBHDdySfdlF":{"registrationId":2015194386,"currentRatchet":{"ephemeralKeyPair":{"pubKey":"BXzCds4anNTjiuc7QtWECkDeMy7rNfEf1rYNS+mumSwC","privKey":"GPQ0g9x5cp07bLbYHSN8yFnPn55Cvm6FFz376S3TnG4="},"lastRemoteEphemeralKey":"Bbhacn8oUtG/PsPO39Yq6mAIawvpNcAeKYcte0lPx1QC","previousCounter":0,"rootKey":"SaHDavZrHBGiRtzM21ZGU70VluUUUhYUBuIpR1wWzCE="},"indexInfo":{"baseKey":"BTktxPdXVwiu5y6uWcuyLRwCytGrGC9WZLBHDdySfdlF","baseKeyType":1,"closed":-1,"used":1683691125712,"created":1683691125712,"remoteIdentityKey":"BQ4nBWxVWeac9Q0/mmVajgNOOTRL2UviwwiCfQZI73gv"},"_chains":{"BXzCds4anNTjiuc7QtWECkDeMy7rNfEf1rYNS+mumSwC":{"chainKey":{"counter":0,"key":"GbB/bWJrG3dSrdM1Dm2MgbjWUAkEc7dMaw6ai/q7auE="},"chainType":1,"messageKeys":{}}},"pendingPreKey":{"signedKeyId":17,"baseKey":"BTktxPdXVwiu5y6uWcuyLRwCytGrGC9WZLBHDdySfdlF","preKeyId":14907964}}},"version":"v1"}