{"_sessions":{"BQRXQXCu0JbqyYF7W/25sdtzb+4fbGaYCLeMtPP0OlJ9":{"registrationId":1596585479,"currentRatchet":{"ephemeralKeyPair":{"pubKey":"BSGhumCGO0MYcSPuXOyBYXRwsZJnXp2kGyhTjzX2HH9Q","privKey":"+CUJ4ryOZDG7CUltIX2NTI6OPtQ7yT9xQLD21oWNsWk="},"lastRemoteEphemeralKey":"BZpCE/fz9TKebTToFz6pzDZ02Ij4cW04S/l814rvwoAA","previousCounter":0,"rootKey":"/awCZ4CMijNz9cu/YV2YE7MXQIVGuiL85e30sUWw9HI="},"indexInfo":{"baseKey":"BQRXQXCu0JbqyYF7W/25sdtzb+4fbGaYCLeMtPP0OlJ9","baseKeyType":1,"closed":-1,"used":1683691126140,"created":1683691126140,"remoteIdentityKey":"BTkAX+2ki2pm9cBoXBahG8OYNfw3BJfD/SUqqqc8Wx8E"},"_chains":{"BSGhumCGO0MYcSPuXOyBYXRwsZJnXp2kGyhTjzX2HH9Q":{"chainKey":{"counter":0,"key":"BiqE9MtHkBj1rx5uLIOxxcIjCtfJ3SMj+sYwqipHndg="},"chainType":1,"messageKeys":{}}},"pendingPreKey":{"signedKeyId":32,"baseKey":"BQRXQXCu0JbqyYF7W/25sdtzb+4fbGaYCLeMtPP0OlJ9","preKeyId":16041490}}},"version":"v1"}