{"_sessions":{"BVBAaAQP79cfBBDqIpfccPlDz9dHHA2WrysvNBERVG1F":{"registrationId":209581997,"currentRatchet":{"ephemeralKeyPair":{"pubKey":"BfU1j42Rf4d08eO+Q2o4GXxmOzfoC4aWTwscNfn/pXVg","privKey":"CAqFtyjExk4XJyPdasJnL2N7CmgDL6hK7Rd8GjQ0l0E="},"lastRemoteEphemeralKey":"BRO3co/UsKg+hd4Sps1c97dWTvsIAhTfg8NxVcm4+XVt","previousCounter":0,"rootKey":"ZM6ybGJrTM5BbCfYj9vCbRYQKQvgihfC+Y8t3NMEw7Q="},"indexInfo":{"baseKey":"BVBAaAQP79cfBBDqIpfccPlDz9dHHA2WrysvNBERVG1F","baseKeyType":1,"closed":-1,"used":1683691126783,"created":1683691126783,"remoteIdentityKey":"Ba8nL/MglsGVKtKC3HCvacjWx9ZJJm2O/OTlQ83esfV4"},"_chains":{"BfU1j42Rf4d08eO+Q2o4GXxmOzfoC4aWTwscNfn/pXVg":{"chainKey":{"counter":0,"key":"iZzTnDrfR6usMCZmpcRysk34JPCqX4vNZj4vklnzuCw="},"chainType":1,"messageKeys":{}}},"pendingPreKey":{"signedKeyId":4,"baseKey":"BVBAaAQP79cfBBDqIpfccPlDz9dHHA2WrysvNBERVG1F","preKeyId":5984851}}},"version":"v1"}