{"_sessions":{"BeZckK2HrXVw0HU7+RWstVp+E85K4FdzmxarFaUOKrdv":{"registrationId":459283305,"currentRatchet":{"ephemeralKeyPair":{"pubKey":"BbGi+SQ6FUdYJmfp05w/3ne46BEBAfIKyI0CLmf7iYlz","privKey":"iKzS0Vbr0NjSBkw9gd14e9FcEPetAzqWXTBxkn+S8Fo="},"lastRemoteEphemeralKey":"BeB3A+YbLdvhXTknsuGkMnQKCsgzLdI20xKO0b+Vy21y","previousCounter":0,"rootKey":"nrgFuTylEW7Uw8LTn2vfUAwXKbMsqE5NrJeM6QK7bQ4="},"indexInfo":{"baseKey":"BeZckK2HrXVw0HU7+RWstVp+E85K4FdzmxarFaUOKrdv","baseKeyType":1,"closed":-1,"used":1683691126777,"created":1683691126777,"remoteIdentityKey":"BUC42V8ruSvJgVxo8KX7D44CukUxsHDuS1U7O9m7m9N4"},"_chains":{"BbGi+SQ6FUdYJmfp05w/3ne46BEBAfIKyI0CLmf7iYlz":{"chainKey":{"counter":0,"key":"RS0YyILqugr1FJ5wiqRQ/rt1XIxUje0OjcTDQn4ZPXo="},"chainType":1,"messageKeys":{}}},"pendingPreKey":{"signedKeyId":31,"baseKey":"BeZckK2HrXVw0HU7+RWstVp+E85K4FdzmxarFaUOKrdv","preKeyId":6684817}}},"version":"v1"}