{"_sessions":{"BUh123Shl9+jcbfO2SldgACyOy+NIMVrAvhiIPO+/mZM":{"registrationId":1606509424,"currentRatchet":{"ephemeralKeyPair":{"pubKey":"Bc4+SYN4pSrezw6Q/+oZ/lpaIfG+TOLOFrtw8SP0+01k","privKey":"IEOizU9Umsy5mMhRD/hq5cA6jPniUX3kDtnCShpP104="},"lastRemoteEphemeralKey":"BdsE2aKJDp0Ae16Ql14XWdZgqovn1t8TDHCQ+wKZHRQZ","previousCounter":0,"rootKey":"0ehKHL6CRf8NEc1LGoGJ5RBVkX6IUttz32tJfSZ1acA="},"indexInfo":{"baseKey":"BUh123Shl9+jcbfO2SldgACyOy+NIMVrAvhiIPO+/mZM","baseKeyType":1,"closed":-1,"used":1683691126583,"created":1683691126583,"remoteIdentityKey":"BSEQdTn9dKDUeD5ntcXFjr7NZdHRdjhw+RzPd/oQ5XgS"},"_chains":{"Bc4+SYN4pSrezw6Q/+oZ/lpaIfG+TOLOFrtw8SP0+01k":{"chainKey":{"counter":0,"key":"2jyJQJtJ7YoI1sjrumT6KMi9Y7iKf8V8Ew8n5rmrUT0="},"chainType":1,"messageKeys":{}}},"pendingPreKey":{"signedKeyId":3,"baseKey":"BUh123Shl9+jcbfO2SldgACyOy+NIMVrAvhiIPO+/mZM","preKeyId":13590665}}},"version":"v1"}