{"_sessions":{"BSQNo7kOzLG4Pfxvjey1YpV9Df43AIS0bgM6QYPHn7Ne":{"registrationId":1060711237,"currentRatchet":{"ephemeralKeyPair":{"pubKey":"BY9yML0/OUehgisuz5jegbfbGHpr9kFvNdRK49ZpokIj","privKey":"COyMLwmWsipIvl5gPlkTvf9fJjah0IODIFIcGbLvaEo="},"lastRemoteEphemeralKey":"BeF+Nnw6KAhdjIV0VI1KxTYlAS7dB1I8dtHnmWbG7qV1","previousCounter":0,"rootKey":"iAX8uS9kVleqaQBZs/9XXQJdC217lI9gnCKrBkVWaWo="},"indexInfo":{"baseKey":"BSQNo7kOzLG4Pfxvjey1YpV9Df43AIS0bgM6QYPHn7Ne","baseKeyType":1,"closed":-1,"used":1683691126155,"created":1683691126155,"remoteIdentityKey":"BYABE7cSEDScgyyuS/v3Ea01Ct7yQB49ZP7nRDN2X+Is"},"_chains":{"BY9yML0/OUehgisuz5jegbfbGHpr9kFvNdRK49ZpokIj":{"chainKey":{"counter":0,"key":"CzU1uccYfM8PvEGKy2KtabGgdAvjhjp64eKsmh6T9xA="},"chainType":1,"messageKeys":{}}},"pendingPreKey":{"signedKeyId":3,"baseKey":"BSQNo7kOzLG4Pfxvjey1YpV9Df43AIS0bgM6QYPHn7Ne","preKeyId":16753032}}},"version":"v1"}