{"_sessions":{"BWK4f9Zpl+jzvM6Qcgg4SsxK4/z81rBCnIqROjX/aj5d":{"registrationId":47684573,"currentRatchet":{"ephemeralKeyPair":{"pubKey":"BZVKcUxr4X709qxLHKNNtqS4KUWzMb7Ry1m4QaLXZ9Fl","privKey":"QA8ukVYL2aTMJxNhxPCY+I6YrgUzas8ngtqIkqppUVs="},"lastRemoteEphemeralKey":"BVE+pAEdAWGyg4sWBnFkUaRJoJmkvF1KbyDLoosql+pI","previousCounter":0,"rootKey":"lOlzl23lppKpKoEC/bTp5zDlGhMMUzyq18D3W2c1g10="},"indexInfo":{"baseKey":"BWK4f9Zpl+jzvM6Qcgg4SsxK4/z81rBCnIqROjX/aj5d","baseKeyType":1,"closed":-1,"used":1683691125747,"created":1683691125747,"remoteIdentityKey":"BYMiPxxDPOew75B/9qgLKYlbRxptxpqm76NzHmmrTe8u"},"_chains":{"BZVKcUxr4X709qxLHKNNtqS4KUWzMb7Ry1m4QaLXZ9Fl":{"chainKey":{"counter":0,"key":"7dCflH34MbK51tlKmzN94F+0mPKs+iRqTzmlYtvk6tE="},"chainType":1,"messageKeys":{}}},"pendingPreKey":{"signedKeyId":18,"baseKey":"BWK4f9Zpl+jzvM6Qcgg4SsxK4/z81rBCnIqROjX/aj5d","preKeyId":11223107}}},"version":"v1"}