{"_sessions":{"BSF82xOaB8YPYwUuOOC/cbHbipQixwcrHRB4MoS6zEAF":{"registrationId":212717313,"currentRatchet":{"ephemeralKeyPair":{"pubKey":"BTu9RTdkrQF/s9pgVRcNx43Dzt4Wfgqtj1bmtxO9vccd","privKey":"IHCibWyZIpals/AuvXGRp148a/pLOvuqrvN2S1rZqUs="},"lastRemoteEphemeralKey":"BetA5DhSDUYmOlqj3ReFyiEMCVXmXP6LIGl2fmA/cM03","previousCounter":0,"rootKey":"wPSIDFREpE4caNmmnWwTr9z02etFrS8YRC6hqNnBKJ8="},"indexInfo":{"baseKey":"BSF82xOaB8YPYwUuOOC/cbHbipQixwcrHRB4MoS6zEAF","baseKeyType":1,"closed":-1,"used":1683691125699,"created":1683691125699,"remoteIdentityKey":"Bb0+GjmuZWx4G3Iv+1vxDWJZLbOrX8eTnBSBxOiABj8Q"},"_chains":{"BTu9RTdkrQF/s9pgVRcNx43Dzt4Wfgqtj1bmtxO9vccd":{"chainKey":{"counter":0,"key":"QEtq+CiKIneFi77qivOrkhwa/wvMmZ4OCfnNcS52zIY="},"chainType":1,"messageKeys":{}}},"pendingPreKey":{"signedKeyId":1,"baseKey":"BSF82xOaB8YPYwUuOOC/cbHbipQixwcrHRB4MoS6zEAF","preKeyId":8442291}}},"version":"v1"}