{"_sessions":{"BQSVjc+qZTxw/Yefp2rfepkkfGeiyJiYi6FdYB5g2xAB":{"registrationId":11516,"currentRatchet":{"ephemeralKeyPair":{"pubKey":"BSFtrWeCzZIf4dpLx64nIEpJnBrkVonqhLHz5/3LFlYJ","privKey":"CJ9dCz7fAnkqSllZXkfIDc/l7a56QpvBmTscgXNFEXo="},"lastRemoteEphemeralKey":"BWGZ6dX/ZO2cijSVlVXkqejQXMy8KyXLj6oNYIOiaSVx","previousCounter":0,"rootKey":"3olQ0Jt16NMmUnG7gTk4h5YHnKleLnbpr098xxv9elw="},"indexInfo":{"baseKey":"BQSVjc+qZTxw/Yefp2rfepkkfGeiyJiYi6FdYB5g2xAB","baseKeyType":1,"closed":-1,"used":1683691125605,"created":1683691125605,"remoteIdentityKey":"BZ47Rv3vhnAbJt7yOmaQSPaMoEK3vwmGd/xGVl25RENm"},"_chains":{"BSFtrWeCzZIf4dpLx64nIEpJnBrkVonqhLHz5/3LFlYJ":{"chainKey":{"counter":0,"key":"GMfeAAqrH+7THYtJOQ3gyk7swd4JMnGNNkTdW6cD5H8="},"chainType":1,"messageKeys":{}}},"pendingPreKey":{"signedKeyId":3,"baseKey":"BQSVjc+qZTxw/Yefp2rfepkkfGeiyJiYi6FdYB5g2xAB"}}},"version":"v1"}