{"_sessions":{"BV/+voo/F2K3ioNQbY2IhZ9PhapjVm30hXZsWXLnZ3UD":{"registrationId":1666425624,"currentRatchet":{"ephemeralKeyPair":{"pubKey":"BfwS05QGkDkIl9PtrEbqTigZIeWkiDEYTzLt3Qqm0ahv","privKey":"0INVzucpRN9ZZLhc1K0PbLKeTxLiccM9HVwvybSPdW0="},"lastRemoteEphemeralKey":"BU1aWbO3J6saQvmujRzGvVRE49WmXdxKd24xjVdo2Xk5","previousCounter":0,"rootKey":"7QTv4nTLPS7Cp/i1WFvVfQ9PPLxpTuya10iNxeWp84w="},"indexInfo":{"baseKey":"BV/+voo/F2K3ioNQbY2IhZ9PhapjVm30hXZsWXLnZ3UD","baseKeyType":1,"closed":-1,"used":1683691126668,"created":1683691126668,"remoteIdentityKey":"BfsSRvVWw3ITndO8n1ZnSHPpQHOTqUagSgGkRKhaWjst"},"_chains":{"BfwS05QGkDkIl9PtrEbqTigZIeWkiDEYTzLt3Qqm0ahv":{"chainKey":{"counter":0,"key":"JEl/LgWaZEvd7jGBYfRbn0eGO7FOoutPnN5r+T5UQI4="},"chainType":1,"messageKeys":{}}},"pendingPreKey":{"signedKeyId":0,"baseKey":"BV/+voo/F2K3ioNQbY2IhZ9PhapjVm30hXZsWXLnZ3UD","preKeyId":13148204}}},"version":"v1"}