{"_sessions":{"Bb/2aI6up9vnp7bWIWPqjwj2yJvl2mfBnzWSddNk0Tc0":{"registrationId":169,"currentRatchet":{"ephemeralKeyPair":{"pubKey":"BVL2rNznfZDjsodyZFOkXBjYhgK6nHHBjFU4WkbFOJsh","privKey":"mNtkrbgVKhWcQEbNOAQnYQR2Z0N6fgya6SXo09quVHs="},"lastRemoteEphemeralKey":"BbZ7gJVMh6ppJJrYbo88Viphk0Mx2K2kQclXPBByVKs5","previousCounter":0,"rootKey":"tQ9vMNRW5XpNValkF7ZBrRs5VMTC2IVQXxY6R6w92Gg="},"indexInfo":{"baseKey":"Bb/2aI6up9vnp7bWIWPqjwj2yJvl2mfBnzWSddNk0Tc0","baseKeyType":1,"closed":-1,"used":1683691125577,"created":1683691125577,"remoteIdentityKey":"BZE/+Q4Vg7lKnMWCL2YZ3KF1M4GymfxJN2DzIW0+FegJ"},"_chains":{"BVL2rNznfZDjsodyZFOkXBjYhgK6nHHBjFU4WkbFOJsh":{"chainKey":{"counter":0,"key":"px/t9gS6gbcKPqBxhl++xwfg1rCoPx1VHAlps4kpyNs="},"chainType":1,"messageKeys":{}}},"pendingPreKey":{"signedKeyId":1,"baseKey":"Bb/2aI6up9vnp7bWIWPqjwj2yJvl2mfBnzWSddNk0Tc0","preKeyId":1180}}},"version":"v1"}