{"_sessions":{"BXzN2GzUgyisVynbE+DIaOp/QGDaPYV2osgJCBn5yDZa":{"registrationId":922210996,"currentRatchet":{"ephemeralKeyPair":{"pubKey":"BUnlrenRvQyXfFtlvvVzet4ZIvy/9+7yMjZoKzoY5d5G","privKey":"iMIwpBwVwI3HWOolJDF77z/lS1+NbQVYYg8i4VSYj3s="},"lastRemoteEphemeralKey":"BWH5sH5p0gnTUOHsBjqyy9WLLLTkFhdPNw6bUU5TKIM2","previousCounter":0,"rootKey":"1NScTSc7vfOcbsCsrBBzIFvRk0k9ooMwhLdZCYGsPBc="},"indexInfo":{"baseKey":"BXzN2GzUgyisVynbE+DIaOp/QGDaPYV2osgJCBn5yDZa","baseKeyType":1,"closed":-1,"used":1683691126539,"created":1683691126539,"remoteIdentityKey":"BeMcQJGOgVOS6Ovl7xoF9fHS5EBfdh7y6ij+ORqy6i5F"},"_chains":{"BUnlrenRvQyXfFtlvvVzet4ZIvy/9+7yMjZoKzoY5d5G":{"chainKey":{"counter":0,"key":"9HSBEXlMBe/1HCLn4CYBD3pF9wIMdhR9UwCWnGvAkmw="},"chainType":1,"messageKeys":{}}},"pendingPreKey":{"signedKeyId":4,"baseKey":"BXzN2GzUgyisVynbE+DIaOp/QGDaPYV2osgJCBn5yDZa","preKeyId":4496618}}},"version":"v1"}