{"_sessions":{"BeRhwSJI8V/OrGMoquBdMsuBDaA6Ifj2x9srno6BcutD":{"registrationId":1244321113,"currentRatchet":{"ephemeralKeyPair":{"pubKey":"BSKVPOO64yy8ZeObd/5JnFu0PLxt8ntuqnnV3JiQvPl9","privKey":"YLaOXz1FE75R3vdzkbCQwPEdlfCjjhytv+KKf1+qsWM="},"lastRemoteEphemeralKey":"BTG6grvWeqs4bXP5xqx8+eUE5eSrnYC3lmL2ajJ84NI+","previousCounter":0,"rootKey":"G+WGvwR4yogUfYOwnUJnIZHYpO1mp2XqaMaGN0u9rvA="},"indexInfo":{"baseKey":"BeRhwSJI8V/OrGMoquBdMsuBDaA6Ifj2x9srno6BcutD","baseKeyType":1,"closed":-1,"used":1683691125977,"created":1683691125977,"remoteIdentityKey":"BTdCrueRkp5I9zwzd/36lqFkmlSrhEFt6OGqc+n167Nz"},"_chains":{"BSKVPOO64yy8ZeObd/5JnFu0PLxt8ntuqnnV3JiQvPl9":{"chainKey":{"counter":0,"key":"tc9VgmGniAPGUZzSiikZ7vb9Q5F+7JIWkLA9EEdQ+B8="},"chainType":1,"messageKeys":{}}},"pendingPreKey":{"signedKeyId":41,"baseKey":"BeRhwSJI8V/OrGMoquBdMsuBDaA6Ifj2x9srno6BcutD","preKeyId":3771931}}},"version":"v1"}