{"_sessions":{"BWC/9hXW/fPaAHlcQTzzu0YBD7/8Ko5VND33LHl9JqJT":{"registrationId":303773237,"currentRatchet":{"ephemeralKeyPair":{"pubKey":"BdpRYdbfs429jpOis/fe+nckZhkPA92se3kuedLiOJtM","privKey":"iEFtH+nu8KwcocZesLVp3YaahsY+cR7z8ekRVUIw/mY="},"lastRemoteEphemeralKey":"BdmGOyCFvrRZYsRqsgPdNqVDaYBk/a08niuEsjIGe8oD","previousCounter":0,"rootKey":"9TToppiInTt0CsabSIdbBc7khRx3DI99E68MK/xf2QI="},"indexInfo":{"baseKey":"BWC/9hXW/fPaAHlcQTzzu0YBD7/8Ko5VND33LHl9JqJT","baseKeyType":1,"closed":-1,"used":1683691126656,"created":1683691126656,"remoteIdentityKey":"BW5bgTctDKqlBdF1VX1bULUsuEq+i/xvLa29HRYRFUMN"},"_chains":{"BdpRYdbfs429jpOis/fe+nckZhkPA92se3kuedLiOJtM":{"chainKey":{"counter":0,"key":"46OVEqHhPUBnDYq3n3KlMWMQEGMjZdgQR+HBuTiCfNw="},"chainType":1,"messageKeys":{}}},"pendingPreKey":{"signedKeyId":1,"baseKey":"BWC/9hXW/fPaAHlcQTzzu0YBD7/8Ko5VND33LHl9JqJT","preKeyId":9859340}}},"version":"v1"}