{"_sessions":{"BehyxgSnyRwn4piq9uOn+6OynejTowHddkmUrYKo8VQj":{"registrationId":977891027,"currentRatchet":{"ephemeralKeyPair":{"pubKey":"BYKKCYEiFDoO2LMH84BC45HBw1cRcIrL0lWayb+d1pUu","privKey":"uE98cqH7jpomkcstu/KNH+46Rsf23SjoQUAZJnMKcnc="},"lastRemoteEphemeralKey":"BY5gmlkcyXgDiSbRI+mXHYAmaWGbIy3hUOTqeAZ96DMz","previousCounter":0,"rootKey":"o/urd89v7mVidL2IUpEGCacbtddAk64fiWvHyImdeQE="},"indexInfo":{"baseKey":"BehyxgSnyRwn4piq9uOn+6OynejTowHddkmUrYKo8VQj","baseKeyType":1,"closed":-1,"used":1683691126964,"created":1683691126964,"remoteIdentityKey":"BVKKno7q+kd2Z5xIiLlnRYaYkGeMePZCvhnuY5E8GYtj"},"_chains":{"BYKKCYEiFDoO2LMH84BC45HBw1cRcIrL0lWayb+d1pUu":{"chainKey":{"counter":0,"key":"lwqIiyyFlhzYClID2Y0PUSYH955UXXc3Omo9tINNA4U="},"chainType":1,"messageKeys":{}}},"pendingPreKey":{"signedKeyId":7,"baseKey":"BehyxgSnyRwn4piq9uOn+6OynejTowHddkmUrYKo8VQj","preKeyId":165288}}},"version":"v1"}