{"_sessions":{"BWyYS08NXPRnbeuKt4wCp/EIn6jXbbAvC56WhMcMJoIp":{"registrationId":1979755791,"currentRatchet":{"ephemeralKeyPair":{"pubKey":"BSglnq7SFM7sKSjh6NVptth/U2V1mlbmHCh24cMwiaUa","privKey":"uAOdEZH34zihgce73avvX515+pTfDWGJ5knVgR03CmE="},"lastRemoteEphemeralKey":"BV+y6SwpIJkDnnyCEclbce3dieB915d9+9SmXfeTDnc/","previousCounter":0,"rootKey":"5EajeTnccnkL44Mjsh+eWtATCBQA7N4eswPud4IhlU4="},"indexInfo":{"baseKey":"BWyYS08NXPRnbeuKt4wCp/EIn6jXbbAvC56WhMcMJoIp","baseKeyType":1,"closed":-1,"used":1683691125938,"created":1683691125938,"remoteIdentityKey":"BYKF08iyrkZO7VJpNTsS8hz6W3ZaWctYJ0RJgUNeCHhi"},"_chains":{"BSglnq7SFM7sKSjh6NVptth/U2V1mlbmHCh24cMwiaUa":{"chainKey":{"counter":0,"key":"yUS+30Ou5ArlJZeybicDkpdd0kCOOWz/ajy7CiKZYd0="},"chainType":1,"messageKeys":{}}},"pendingPreKey":{"signedKeyId":5,"baseKey":"BWyYS08NXPRnbeuKt4wCp/EIn6jXbbAvC56WhMcMJoIp","preKeyId":12501431}}},"version":"v1"}