{"_sessions":{"BSVjC/JMNRB4p1+IYlEJbv3HWW5pPnzbIuMRCB1Vr2Ju":{"registrationId":117,"currentRatchet":{"ephemeralKeyPair":{"pubKey":"BSGhhoaB4qcaqht+XuwV6KddQrTuNllAIXaQzHcY1WEY","privKey":"sOF2B8MGWbLrWq2fOrYJE/8rjyQlcZJ805RPI+HhZ1o="},"lastRemoteEphemeralKey":"BYKCXpv51rCo9lmLPEIlpILbOjZXRJgxpiokxbg2Plhm","previousCounter":0,"rootKey":"WWYI4CIJ3bna0r7Eze3e+e5Fjyhv9YVKEMciP2DqOug="},"indexInfo":{"baseKey":"BSVjC/JMNRB4p1+IYlEJbv3HWW5pPnzbIuMRCB1Vr2Ju","baseKeyType":1,"closed":-1,"used":1683691125675,"created":1683691125675,"remoteIdentityKey":"BaeF7AQ8fAGBLku02JGkqrj3vpTDRd1rhrkFkfPpj4Jd"},"_chains":{"BSGhhoaB4qcaqht+XuwV6KddQrTuNllAIXaQzHcY1WEY":{"chainKey":{"counter":0,"key":"EBwQiasop9SX4qP+ZGtE+3cCmBQpUhtw9YfN7GGOC48="},"chainType":1,"messageKeys":{}}},"pendingPreKey":{"signedKeyId":1,"baseKey":"BSVjC/JMNRB4p1+IYlEJbv3HWW5pPnzbIuMRCB1Vr2Ju"}}},"version":"v1"}