{"_sessions":{"BYKU5AHwxTZ1rgzSXgZT7sun4/zOWXvhoG3+7CcL8Qdf":{"registrationId":1500140348,"currentRatchet":{"ephemeralKeyPair":{"pubKey":"BZcE/Lx5upkAOYJa8RwshyZWi5ltxR2r/HT8WwJq9tZw","privKey":"EETWFIDVy6FCk2m2jEkHtvAowqwwl/sOsNt7054KQE4="},"lastRemoteEphemeralKey":"BQldvPZXWBYeyrhpBzIiLqO7GhpFgWQkkp6fentT6VEo","previousCounter":0,"rootKey":"dFiiiGmX6YofJdC7NsBnFTwx3oOkXV4kye8PwHBsgXo="},"indexInfo":{"baseKey":"BYKU5AHwxTZ1rgzSXgZT7sun4/zOWXvhoG3+7CcL8Qdf","baseKeyType":1,"closed":-1,"used":1683691126320,"created":1683691126320,"remoteIdentityKey":"BUJysoPjwGF/u20Kv48epnyXM6DFo+Y/g7NDxKJ5U08n"},"_chains":{"BZcE/Lx5upkAOYJa8RwshyZWi5ltxR2r/HT8WwJq9tZw":{"chainKey":{"counter":0,"key":"HTNXQgPJuydiw8rNxNIwmOsNMo3JgYqq2E8oXQcE1sA="},"chainType":1,"messageKeys":{}}},"pendingPreKey":{"signedKeyId":2,"baseKey":"BYKU5AHwxTZ1rgzSXgZT7sun4/zOWXvhoG3+7CcL8Qdf","preKeyId":12706113}}},"version":"v1"}