{"_sessions":{"BSIEidgnorYQFseT7OKeQUtch/8umY9/P5BJjfBwEoY8":{"registrationId":1964737633,"currentRatchet":{"ephemeralKeyPair":{"pubKey":"BflvvXgPW/vrbFSZF3YVnRtXtVr62tc07YxC9RTmNblm","privKey":"GMavs2K6R6ZfjlhrKALDaGdrRSbw9Szu4igNsCp0zGk="},"lastRemoteEphemeralKey":"Bcezh6mhwziRGBGky89hDgeFqP8Y06i58CiuYQGwYk8B","previousCounter":0,"rootKey":"ArzrKhiFk5u4a+hLrbbma9pLvV4U6X3WhPkC2R5g96Q="},"indexInfo":{"baseKey":"BSIEidgnorYQFseT7OKeQUtch/8umY9/P5BJjfBwEoY8","baseKeyType":2,"closed":-1,"used":1683691119072,"created":1683691119072,"remoteIdentityKey":"Bdxd574Q77SgJWc8vSI1G5ZKa5eM90aWyajnFLFGSRo2"},"_chains":{"Bcezh6mhwziRGBGky89hDgeFqP8Y06i58CiuYQGwYk8B":{"chainKey":{"counter":0,"key":"e6j90QuUyuMQWSawL6LAVLSqax7mSDhkN4SHa56av9Q="},"chainType":2,"messageKeys":{}},"BflvvXgPW/vrbFSZF3YVnRtXtVr62tc07YxC9RTmNblm":{"chainKey":{"counter":0,"key":"t1jGlBXKzFrhh4O/Nxqr/wGf+nkTiEsetKIv/MzI1jQ="},"chainType":1,"messageKeys":{}}}}},"version":"v1"}