{"_sessions":{"Ba0efNTACKqvKXyQyLhNc497wIdkucdcOhtGJ0dQ0YwC":{"registrationId":763846938,"currentRatchet":{"ephemeralKeyPair":{"pubKey":"Bbik9L4iRZleuTeaGlZVfdhJW/n0z9YRlrmiw8t1021c","privKey":"8ARLokM0VjM9yS50+esmla0+34K/QAJp95ZuMQIMl3w="},"lastRemoteEphemeralKey":"Bf7U+GLbFIAskv1agpVyQdpqbFyBj2fFfRh2ap9udPBf","previousCounter":0,"rootKey":"oLIv4abNijL3XSi734AX5FLQqTk6IN8U+95d/7p0Guc="},"indexInfo":{"baseKey":"Ba0efNTACKqvKXyQyLhNc497wIdkucdcOhtGJ0dQ0YwC","baseKeyType":1,"closed":-1,"used":1683691126635,"created":1683691126635,"remoteIdentityKey":"BSvTj0ktl9R6M7hJtoQo4anyz0JTpw0qocRt3iIGBSQV"},"_chains":{"Bbik9L4iRZleuTeaGlZVfdhJW/n0z9YRlrmiw8t1021c":{"chainKey":{"counter":0,"key":"t9EqJPljH//Fqq59sQmqZw8w7IHDxOepA3fop9nRE2s="},"chainType":1,"messageKeys":{}}},"pendingPreKey":{"signedKeyId":14,"baseKey":"Ba0efNTACKqvKXyQyLhNc497wIdkucdcOhtGJ0dQ0YwC","preKeyId":3144209}}},"version":"v1"}