{"_sessions":{"BWKYAPB+JzgxKFkVOK8qjE9Bq9wyjHnDv4vwH250oWhB":{"registrationId":1668519816,"currentRatchet":{"ephemeralKeyPair":{"pubKey":"BR1laAQL+VUroj9NxB2JQSeF+YhQ75i8oYaV7+r07+gr","privKey":"qAuA0oHJD+hWqhdoBpQhOQm0XwKlfEc/p+dwF7IsiXw="},"lastRemoteEphemeralKey":"BdsS5yClAXhMSeVHlRfBJUF2wAUTfxynKyJMfw4Ut5EG","previousCounter":0,"rootKey":"XAQiJ2wMYAhpnHmrNBX/CPxXIbVeda5k/gtJmpNCUwI="},"indexInfo":{"baseKey":"BWKYAPB+JzgxKFkVOK8qjE9Bq9wyjHnDv4vwH250oWhB","baseKeyType":1,"closed":-1,"used":1683691125989,"created":1683691125989,"remoteIdentityKey":"BfR+O3HXRxsNQB4Z9req6hkq4SNlofGCzk9+LIrXDBE3"},"_chains":{"BR1laAQL+VUroj9NxB2JQSeF+YhQ75i8oYaV7+r07+gr":{"chainKey":{"counter":0,"key":"HnVOFTcHI9aazkpdEQMith51NIst8I7O7pUMBezJiQ8="},"chainType":1,"messageKeys":{}}},"pendingPreKey":{"signedKeyId":0,"baseKey":"BWKYAPB+JzgxKFkVOK8qjE9Bq9wyjHnDv4vwH250oWhB","preKeyId":14837863}}},"version":"v1"}