{"_sessions":{"BXk6ehjYcWtce3FGTUfHVAcKYsWU6KjnN+a919T6koUl":{"registrationId":1297601275,"currentRatchet":{"ephemeralKeyPair":{"pubKey":"Bbg5V7twPa7z2NMfew5lAT7I50nftcq7CyNmEnRzx5Mj","privKey":"AMfkl5xP6ubEV7QXPKcms3TyDj1Ugar4jc6UsgEtBn4="},"lastRemoteEphemeralKey":"BV3ruJkVk9S5RU1t3C5Sc9EO8jrGHuVf6wBfZVzdVH8n","previousCounter":0,"rootKey":"IJL+tJoUC4WqFpE5/x2ytH90WJV3SYzTufRAZmYIV5A="},"indexInfo":{"baseKey":"BXk6ehjYcWtce3FGTUfHVAcKYsWU6KjnN+a919T6koUl","baseKeyType":1,"closed":-1,"used":1683691126611,"created":1683691126611,"remoteIdentityKey":"BZwhe7zqkFH5RCi68BNjxu0Uwj5b6C+UW5X5EQxnIbh1"},"_chains":{"Bbg5V7twPa7z2NMfew5lAT7I50nftcq7CyNmEnRzx5Mj":{"chainKey":{"counter":0,"key":"OSMFBfFIONGtPs8eZzaERGPRBqIObC+H99IPT/AXAOY="},"chainType":1,"messageKeys":{}}},"pendingPreKey":{"signedKeyId":13,"baseKey":"BXk6ehjYcWtce3FGTUfHVAcKYsWU6KjnN+a919T6koUl","preKeyId":450000}}},"version":"v1"}