{"_sessions":{"BaDi3uPnMtpQ2fRpAYFjbfPQObU+htKsxYh/UCe7e4th":{"registrationId":1364892978,"currentRatchet":{"ephemeralKeyPair":{"pubKey":"BZjttivUPCluMdMyVn928HezCdhuKFLbEZEE1+MJBow1","privKey":"6GzW5q4J0EXj+gso0DFeTEpJX+Im/PrtpdOzkET8k3E="},"lastRemoteEphemeralKey":"BQPx627xbDF23gC3hfLs+OUw8SDVOnsw/itCblZ0Y5sQ","previousCounter":0,"rootKey":"e79mvO6cYB9fntsPPpveil5sF+gPqjy0/l1HC80d6/M="},"indexInfo":{"baseKey":"BaDi3uPnMtpQ2fRpAYFjbfPQObU+htKsxYh/UCe7e4th","baseKeyType":1,"closed":-1,"used":1683691125872,"created":1683691125872,"remoteIdentityKey":"BUBSHBjSntsIGuFjsQuD1tPKvioEbbviKCsL8EAfvvY+"},"_chains":{"BZjttivUPCluMdMyVn928HezCdhuKFLbEZEE1+MJBow1":{"chainKey":{"counter":0,"key":"p7oCai6A9fIJ9g15Yu8A+mdvMVGbCY5TiZ/p0kGmeok="},"chainType":1,"messageKeys":{}}},"pendingPreKey":{"signedKeyId":1,"baseKey":"BaDi3uPnMtpQ2fRpAYFjbfPQObU+htKsxYh/UCe7e4th","preKeyId":3728064}}},"version":"v1"}