{"_sessions":{"BVmO6fJQ+J0hWAFa0ZSAWbJE87bIAMz43WFB/BQydgBO":{"registrationId":1264759149,"currentRatchet":{"ephemeralKeyPair":{"pubKey":"BV8CdVHM46DIm+IT50wMSeXM3WtvZPBF/YOe06038PId","privKey":"wPaQWiOj6rfCTpr55ThjQf+4+AUtNEvejN5aAKFuKWg="},"lastRemoteEphemeralKey":"BYiLTekSCwXllHp7hJbCvRHuxby9dLFfYAMyIpDdwg00","previousCounter":0,"rootKey":"H8maj2uxc0831EKYdUBSw7no38UQ9LPPH7XMSwrupVM="},"indexInfo":{"baseKey":"BVmO6fJQ+J0hWAFa0ZSAWbJE87bIAMz43WFB/BQydgBO","baseKeyType":1,"closed":-1,"used":1683691125964,"created":1683691125964,"remoteIdentityKey":"BQB/9JeH/WS3eiTz1H9tYFv4hVvEu1VR9i59edwa+Kw+"},"_chains":{"BV8CdVHM46DIm+IT50wMSeXM3WtvZPBF/YOe06038PId":{"chainKey":{"counter":0,"key":"ovpbLxHA77WQ/OF/z9SdaGB8DrUPCkqin+VALWRPc/w="},"chainType":1,"messageKeys":{}}},"pendingPreKey":{"signedKeyId":481033,"baseKey":"BVmO6fJQ+J0hWAFa0ZSAWbJE87bIAMz43WFB/BQydgBO","preKeyId":975}}},"version":"v1"}