{"_sessions":{"BaUoucOEdy6eCtjYmXbz2u2pLqh6v3RN8Vhyz++l1WR7":{"registrationId":580426497,"currentRatchet":{"ephemeralKeyPair":{"pubKey":"BRrJzoY4spig14wXVuqP+i3KvquVc8bVNk/ZHj/De7YL","privKey":"AHo6Wc3gNg7qzFOT9aazqbvYh234WbfJQkpjQ2Rq1UU="},"lastRemoteEphemeralKey":"Bcr/Gt7Mdjpg3Mf72NLjwbwo1xLIfa149Z6istS1DWpC","previousCounter":0,"rootKey":"hNjcnZdoW29JGsoKioii/XkQocQ9zOsln89qlfiv56E="},"indexInfo":{"baseKey":"BaUoucOEdy6eCtjYmXbz2u2pLqh6v3RN8Vhyz++l1WR7","baseKeyType":1,"closed":-1,"used":1683691126790,"created":1683691126790,"remoteIdentityKey":"BZToG8i74R0t6StgB2H6MQXDjBwOBrmzpQIJZTH+6qhN"},"_chains":{"BRrJzoY4spig14wXVuqP+i3KvquVc8bVNk/ZHj/De7YL":{"chainKey":{"counter":0,"key":"ukk+/0eecwNBylsZBrsIaVot51+XX5ZkthN5oi4QSnI="},"chainType":1,"messageKeys":{}}},"pendingPreKey":{"signedKeyId":0,"baseKey":"BaUoucOEdy6eCtjYmXbz2u2pLqh6v3RN8Vhyz++l1WR7","preKeyId":184582}}},"version":"v1"}