{"_sessions":{"Bf5JfOiMhFrq+emPkaSC6fdbWMmoZ+kkIp/b/FmAFEIq":{"registrationId":194806375,"currentRatchet":{"ephemeralKeyPair":{"pubKey":"BQYesy6Y4cwDoMpdy3JQ1AVpPrmnjxy13vgrf5yY0Lh/","privKey":"iAxZY2D8UJqm9AgIgviO3sQmQQ5NjcPkoPQ6OumKN2I="},"lastRemoteEphemeralKey":"BYHs9hMomWZv+mMVjxK/Pt6qd+gPeszD6hA0o5kqGpZ3","previousCounter":0,"rootKey":"mBs1O0orbAdINOV65qYJhPOV7LN2PAvxE9NvFhEqG50="},"indexInfo":{"baseKey":"Bf5JfOiMhFrq+emPkaSC6fdbWMmoZ+kkIp/b/FmAFEIq","baseKeyType":1,"closed":-1,"used":1683691126009,"created":1683691126009,"remoteIdentityKey":"BSkovRlRhAvYmDx9B0vd43xxAAQS0N1e4vg/GJKnSAFq"},"_chains":{"BQYesy6Y4cwDoMpdy3JQ1AVpPrmnjxy13vgrf5yY0Lh/":{"chainKey":{"counter":0,"key":"/+DU/QKmplao/vtpFsbEwk0HUmgVEvEDOgof/Jxwv6U="},"chainType":1,"messageKeys":{}}},"pendingPreKey":{"signedKeyId":1,"baseKey":"Bf5JfOiMhFrq+emPkaSC6fdbWMmoZ+kkIp/b/FmAFEIq","preKeyId":3600912}}},"version":"v1"}