{"_sessions":{"BWvsLXJ9c767Akgickx3sOrvp7bfx780d2VxukntQOBx":{"registrationId":745755892,"currentRatchet":{"ephemeralKeyPair":{"pubKey":"BVdXevVJA14Hzwqd5wYjkwP1+Ul5G5TXzpBkfdQl/yBR","privKey":"CP/KBT2BPyKfYkUGNikkbewGQgFe521LSnpdEF6gm3c="},"lastRemoteEphemeralKey":"BbAlKbRGP7KbabPwuTQX+79+fj4dypJsVr5NqWTcVa95","previousCounter":0,"rootKey":"Le7QMuB82tWlZj7lDkYIseMe01WHh/XI0y060n2dleE="},"indexInfo":{"baseKey":"BWvsLXJ9c767Akgickx3sOrvp7bfx780d2VxukntQOBx","baseKeyType":1,"closed":-1,"used":1683691126003,"created":1683691126003,"remoteIdentityKey":"BaoaCE+rllrdOJwLMDiHWDT+MNccU0up7cjHQAF7M3xq"},"_chains":{"BVdXevVJA14Hzwqd5wYjkwP1+Ul5G5TXzpBkfdQl/yBR":{"chainKey":{"counter":0,"key":"OfMNesD1bK690VP5RDSzHqfg4WZIzPemnnM4I6Mgcho="},"chainType":1,"messageKeys":{}}},"pendingPreKey":{"signedKeyId":11,"baseKey":"BWvsLXJ9c767Akgickx3sOrvp7bfx780d2VxukntQOBx","preKeyId":13278000}}},"version":"v1"}