{"_sessions":{"Be1+EuLBb26OPPYYkSBJZXzT1dwLGGfkVK8i3/Z4vpAb":{"registrationId":599841782,"currentRatchet":{"ephemeralKeyPair":{"pubKey":"BdCmTezw1JC92gC+idOqSJPbGmZMHlfnxSeODlwCftUw","privKey":"SDXIOhv6y0RgbIK2PNEIFbkwHNEbH44tHsYlNhxIbWk="},"lastRemoteEphemeralKey":"BWXK0GPe6zDNahLK7zGeECKYG2iDiUdbJY8kmrWg6kkZ","previousCounter":0,"rootKey":"Ru+bHrIK6eNembkjPEsxkY+BZjH72597+1zl5sDrm+k="},"indexInfo":{"baseKey":"Be1+EuLBb26OPPYYkSBJZXzT1dwLGGfkVK8i3/Z4vpAb","baseKeyType":1,"closed":-1,"used":1683691125718,"created":1683691125718,"remoteIdentityKey":"BfbD5Q5ZNg/6FVXZVZM746/OfOLMDGWGOM7sM3i3pasC"},"_chains":{"BdCmTezw1JC92gC+idOqSJPbGmZMHlfnxSeODlwCftUw":{"chainKey":{"counter":0,"key":"RTXm8c4j1nvfHwqPbGU0Mv8OPkxl7VViyQaXzsSne34="},"chainType":1,"messageKeys":{}}},"pendingPreKey":{"signedKeyId":10,"baseKey":"Be1+EuLBb26OPPYYkSBJZXzT1dwLGGfkVK8i3/Z4vpAb","preKeyId":6047883}}},"version":"v1"}