{"_sessions":{"BVfugx+OuQD3r6cK1EUi8b8EEzWOYoi6q6R1oKOVQo4y":{"registrationId":486837280,"currentRatchet":{"ephemeralKeyPair":{"pubKey":"BZ9WafE02SCa5/P8N2HdCoVGgeDkzHhGGImV2dfJteAT","privKey":"GK9ejeYW1TWE4iWCwP1IcBgzyfml50CocAbV5r1WbV8="},"lastRemoteEphemeralKey":"BSzH7LRQZwXifgU6VBhXfiLcmFAiL5DnWW6LnFV772Mw","previousCounter":0,"rootKey":"H1smLQ98vrxzcpW30ISY228HVNe/I7/Jl1JfDAMyrx8="},"indexInfo":{"baseKey":"BVfugx+OuQD3r6cK1EUi8b8EEzWOYoi6q6R1oKOVQo4y","baseKeyType":1,"closed":-1,"used":1683691126304,"created":1683691126304,"remoteIdentityKey":"BZxLaVemeW6lpCO2pEvEFPoA7wLYSawlOywbRMEMZlYF"},"_chains":{"BZ9WafE02SCa5/P8N2HdCoVGgeDkzHhGGImV2dfJteAT":{"chainKey":{"counter":0,"key":"fXXv5jDcjHfK9AysXWKwmHNjQ5a0MYnRKFF0mp0UFdA="},"chainType":1,"messageKeys":{}}},"pendingPreKey":{"signedKeyId":48,"baseKey":"BVfugx+OuQD3r6cK1EUi8b8EEzWOYoi6q6R1oKOVQo4y","preKeyId":8636077}}},"version":"v1"}