{"_sessions":{"BaqHoTwdJCR9trl4o35cWQ3zljoWBidO0viVAlzhVY5X":{"registrationId":1190098661,"currentRatchet":{"ephemeralKeyPair":{"pubKey":"BVqjLaG5OIwxDoD+WZF7dKz7S3l0mswLTLPL80fz1iBX","privKey":"uP/OY9hn5CEdJZY6yvjbjDofRSrT6ItiGcG837KUjnc="},"lastRemoteEphemeralKey":"BSDlK5vFmaXUFt3yIm1gKPxiP6qZQgJ+UgCyjSkr/Kox","previousCounter":0,"rootKey":"SKzRUMqlfvi8qS91CSXp32i05Xpv3zPvqBMMipIy3Fc="},"indexInfo":{"baseKey":"BaqHoTwdJCR9trl4o35cWQ3zljoWBidO0viVAlzhVY5X","baseKeyType":1,"closed":-1,"used":1683691125789,"created":1683691125789,"remoteIdentityKey":"BdhVmWLReZTetpEacbilaUZL9SMbUJUPARg9M9KxsMc8"},"_chains":{"BVqjLaG5OIwxDoD+WZF7dKz7S3l0mswLTLPL80fz1iBX":{"chainKey":{"counter":0,"key":"vVVf7kgTClhgnblc9eIwjuaizKenpW7pRIOc3c73q6A="},"chainType":1,"messageKeys":{}}},"pendingPreKey":{"signedKeyId":9,"baseKey":"BaqHoTwdJCR9trl4o35cWQ3zljoWBidO0viVAlzhVY5X","preKeyId":2831061}}},"version":"v1"}