{"_sessions":{"BRDcHobYHGugGD5IfWor9fUMli+2dA0LtG+lHsUROj9p":{"registrationId":1643405100,"currentRatchet":{"ephemeralKeyPair":{"pubKey":"BddWcbGPX5EXjM7S/CJnVUijN+/SpPXSyxKHRyCptYEG","privKey":"oGYGYLxe2iA2qKXnZhQV9UQcP/OoBjIfYc5402ItTlg="},"lastRemoteEphemeralKey":"Bf1E1Wt9Ow2/o6MTOSv707RmupaC4jyv3i+rlGDbOwY6","previousCounter":0,"rootKey":"5W/op4nIUAFUkDM8pwdH5Po6TjCsg8qpDk9MGBWIH/k="},"indexInfo":{"baseKey":"BRDcHobYHGugGD5IfWor9fUMli+2dA0LtG+lHsUROj9p","baseKeyType":1,"closed":-1,"used":1683691126457,"created":1683691126457,"remoteIdentityKey":"BQFmG43Yv3Cy9Yub0iBL2pFpH98cBa0y2ExOPTaVIwtq"},"_chains":{"BddWcbGPX5EXjM7S/CJnVUijN+/SpPXSyxKHRyCptYEG":{"chainKey":{"counter":0,"key":"FF226hfm38Dk4ZWFq4W8i9+trmBwtwJCGsiOb1VhWGU="},"chainType":1,"messageKeys":{}}},"pendingPreKey":{"signedKeyId":2,"baseKey":"BRDcHobYHGugGD5IfWor9fUMli+2dA0LtG+lHsUROj9p","preKeyId":8730827}}},"version":"v1"}