{"_sessions":{"Bd4tcONEcJyaj6izQRvgOOm84CBo6V14CbaSC+R22bkf":{"registrationId":599601565,"currentRatchet":{"ephemeralKeyPair":{"pubKey":"BYOzQMTsNaG7aK6JApmSN498sErH2WKNMUaDm84CvMRA","privKey":"8D8G7kQrk2AZa6Evy0K6HmaNKnUY4Y7Syr+p9xQqYWA="},"lastRemoteEphemeralKey":"BYQwHiOzDqOvoTAVSofJuizB2QDIpupz0+GA9CeKpflq","previousCounter":0,"rootKey":"djNt1SF639j0dSeXcASkCSCsxOWF9Uh8RqkQjKMFmmg="},"indexInfo":{"baseKey":"Bd4tcONEcJyaj6izQRvgOOm84CBo6V14CbaSC+R22bkf","baseKeyType":1,"closed":-1,"used":1683691125890,"created":1683691125890,"remoteIdentityKey":"BS7ILVRKFf5ASZEG15e5WdY14XbG7qZbRGrLuhxXKEU/"},"_chains":{"BYOzQMTsNaG7aK6JApmSN498sErH2WKNMUaDm84CvMRA":{"chainKey":{"counter":0,"key":"teYnIOZAmorYHVoBXQVp7f/rfRQuqoQNEFyWu/P/U1g="},"chainType":1,"messageKeys":{}}},"pendingPreKey":{"signedKeyId":1,"baseKey":"Bd4tcONEcJyaj6izQRvgOOm84CBo6V14CbaSC+R22bkf","preKeyId":5782223}}},"version":"v1"}