{"_sessions":{"BaL5qGdeO8sQFMNNr0Iorkc6USNZIMz+tDI/Vtd1E9xf":{"registrationId":12637,"currentRatchet":{"ephemeralKeyPair":{"pubKey":"BVDttIx5F78AykcPg6Xi3HHntVL25nbG/k8x6SdPFF0K","privKey":"wLM0qILKamX5tvZyKVXdmUzv1WXhj3KMWzoCuUV3N2s="},"lastRemoteEphemeralKey":"BYMI/7BBC/ZwAOB3quvlU7MOLA5o/c/pPISHXBiGXNUS","previousCounter":0,"rootKey":"Nd6F2cvBLsQ0+LlHH+EyzMv7EjXImk5o2TFIKVoAFls="},"indexInfo":{"baseKey":"BaL5qGdeO8sQFMNNr0Iorkc6USNZIMz+tDI/Vtd1E9xf","baseKeyType":1,"closed":-1,"used":1683691125686,"created":1683691125686,"remoteIdentityKey":"BZsWPh0+Clo4RE+oYPbv9w+VEbLzXbNhdxS8J6zDehsC"},"_chains":{"BVDttIx5F78AykcPg6Xi3HHntVL25nbG/k8x6SdPFF0K":{"chainKey":{"counter":0,"key":"tPlRCUcRrH3JGhsw+DUsx/vFhFs+jh3TA9ECubKgykg="},"chainType":1,"messageKeys":{}}},"pendingPreKey":{"signedKeyId":1,"baseKey":"BaL5qGdeO8sQFMNNr0Iorkc6USNZIMz+tDI/Vtd1E9xf","preKeyId":826}}},"version":"v1"}