{"_sessions":{"Bf3vVTrCk7oCNi5fMIzrgh+tHd6us0j7KdW7iuZHEB1h":{"registrationId":1676669068,"currentRatchet":{"ephemeralKeyPair":{"pubKey":"BWTTKIDiNYx/202Cc9dYRiLnGqiP8XvnDSSI7b62MrQ+","privKey":"YLemiXT7lzn1bXm3ddq7fe3pSsWVRh1WItKQiOeyt2M="},"lastRemoteEphemeralKey":"BQBmCUdWGZUAaokJv9BkpVVCSKp7GnZiUV6tCuteqYtb","previousCounter":0,"rootKey":"i/LI7qO6ekIKc5bu1rZI9yOxJrunFknWPAxg/5oAxTU="},"indexInfo":{"baseKey":"Bf3vVTrCk7oCNi5fMIzrgh+tHd6us0j7KdW7iuZHEB1h","baseKeyType":1,"closed":-1,"used":1683691125812,"created":1683691125812,"remoteIdentityKey":"Bfll/AQJ3NrUpGuJ7V+peLQ/lYbW3Sd3Ir9dUjElO354"},"_chains":{"BWTTKIDiNYx/202Cc9dYRiLnGqiP8XvnDSSI7b62MrQ+":{"chainKey":{"counter":0,"key":"+2UIYjbsg1YwgRAt8G36nn+SaNL1hwC34WAyFCQrxYg="},"chainType":1,"messageKeys":{}}},"pendingPreKey":{"signedKeyId":6,"baseKey":"Bf3vVTrCk7oCNi5fMIzrgh+tHd6us0j7KdW7iuZHEB1h","preKeyId":15272298}}},"version":"v1"}