{"_sessions":{"BWyOZgH2W47qGjF7weiWVt2B/MQX7Dwzw7Ek70ATRLs0":{"registrationId":1288596226,"currentRatchet":{"ephemeralKeyPair":{"pubKey":"BX0B92GbtpY24WPH0knKJA1GvYihUbWDHX25ySrSrmsi","privKey":"iFYGxsBF8NtiU2BsqwRl7chUrntApHiXbQVC4XBrK0E="},"lastRemoteEphemeralKey":"BTOrqx9S1bcDCqCFYGz9vVbRVFFl4qjya1PWFs+knalB","previousCounter":0,"rootKey":"sruQqtdQ9JYVPYh48Nlss1wZoFjTo/YSxvy6d6/+3M4="},"indexInfo":{"baseKey":"BWyOZgH2W47qGjF7weiWVt2B/MQX7Dwzw7Ek70ATRLs0","baseKeyType":1,"closed":-1,"used":1683691126839,"created":1683691126839,"remoteIdentityKey":"BczxZre5XAdV5Qak2jjJDXqMHILwVVhC3LXBR35RMQla"},"_chains":{"BX0B92GbtpY24WPH0knKJA1GvYihUbWDHX25ySrSrmsi":{"chainKey":{"counter":0,"key":"bRPFEfCP/Jcw4F1SVWJeCeG0TjuKxUCM05lLqaP1MDk="},"chainType":1,"messageKeys":{}}},"pendingPreKey":{"signedKeyId":3,"baseKey":"BWyOZgH2W47qGjF7weiWVt2B/MQX7Dwzw7Ek70ATRLs0","preKeyId":858397}}},"version":"v1"}