{"_sessions":{"BV+Ud+bG2MWlj7XqT1IyoNk9C+Ue0leOWlFQJ7dTQIAC":{"registrationId":7361,"currentRatchet":{"ephemeralKeyPair":{"pubKey":"BT4kpMuvJ9xhC25LjnE/Er77maa2yVphX8iZgT6LMF8F","privKey":"+Lcin2cfYW4lcHITxO97waMgEq1rJuKGY7bykJf+3Fs="},"lastRemoteEphemeralKey":"BdDXsPTXL1Mrk2dN+spBv3VZnFIGJQy7dlh+mOgQLlxL","previousCounter":0,"rootKey":"avkcdPv+Nns7rInug7dAq6TnuGsIpHg+5RX6oEeorCw="},"indexInfo":{"baseKey":"BV+Ud+bG2MWlj7XqT1IyoNk9C+Ue0leOWlFQJ7dTQIAC","baseKeyType":1,"closed":-1,"used":1683691125567,"created":1683691125567,"remoteIdentityKey":"BYQuf0l1WVhGVpibUrvcDHpSmwhk6hkX9qozr3SGURp+"},"_chains":{"BT4kpMuvJ9xhC25LjnE/Er77maa2yVphX8iZgT6LMF8F":{"chainKey":{"counter":0,"key":"RhUtHGYFmloCOorhqUhKc4HZLwgkIJYvaxI9VFgPK7I="},"chainType":1,"messageKeys":{}}},"pendingPreKey":{"signedKeyId":1,"baseKey":"BV+Ud+bG2MWlj7XqT1IyoNk9C+Ue0leOWlFQJ7dTQIAC","preKeyId":82}}},"version":"v1"}