{"_sessions":{"BZMbAyoFH5SmXRmJRFI29IOaq/17V0A2mJNJ5XpDyMZS":{"registrationId":1667352765,"currentRatchet":{"ephemeralKeyPair":{"pubKey":"BfpMkhrGdWcJQy6vm8CUbHLec8a8aK24H3O2JE9AQSRw","privKey":"SOmQxV8zrUvNHzIGk3nzzBF+PG1KrGLy17/yLPMg+0o="},"lastRemoteEphemeralKey":"BWhzSHRFZ3OgtiV9lLvB3OQm/PmBD7Q2cyYnOuI5nwZf","previousCounter":0,"rootKey":"TJwSoE+fsnuUizoj06OBO0kZCt4Yh9wkVjPiLpMdYqw="},"indexInfo":{"baseKey":"BZMbAyoFH5SmXRmJRFI29IOaq/17V0A2mJNJ5XpDyMZS","baseKeyType":1,"closed":-1,"used":1683691125827,"created":1683691125827,"remoteIdentityKey":"BQT57I3ZbYSXOwZRgGuP25xEl90N/Q/ooi41p2kJlAs2"},"_chains":{"BfpMkhrGdWcJQy6vm8CUbHLec8a8aK24H3O2JE9AQSRw":{"chainKey":{"counter":0,"key":"eylPS/TBzozPBJd3UhBhiTpiLHKma4cVRuHeABBbmK0="},"chainType":1,"messageKeys":{}}},"pendingPreKey":{"signedKeyId":10,"baseKey":"BZMbAyoFH5SmXRmJRFI29IOaq/17V0A2mJNJ5XpDyMZS","preKeyId":217868}}},"version":"v1"}