{"_sessions":{"BbZ/aeF3Wigy1Ah+sk9hqQqmQx0Rz44/yIQyOiO75HMm":{"registrationId":506942883,"currentRatchet":{"ephemeralKeyPair":{"pubKey":"BQ/e6mqQz7UlkfKCLHfq9G4pP+yPUtJPE7RkGyN7AwFn","privKey":"mGGMDYEiOOhFqkamnYifyUXBb69SuIy75cpjDBUjAmU="},"lastRemoteEphemeralKey":"BUc1FwyPQ07R5XfWHqiGXgl8ZgwVrkDh/2TomlrWvsYy","previousCounter":0,"rootKey":"5jrk+UOgk0lbmrRN+7kCrIvgdg6dETRdw864oLBfUf8="},"indexInfo":{"baseKey":"BbZ/aeF3Wigy1Ah+sk9hqQqmQx0Rz44/yIQyOiO75HMm","baseKeyType":1,"closed":-1,"used":1683691126493,"created":1683691126493,"remoteIdentityKey":"BU9GxrgDDNGKUCh+kdxX0nHreWtWgaZ/vWDnjiF19wIF"},"_chains":{"BQ/e6mqQz7UlkfKCLHfq9G4pP+yPUtJPE7RkGyN7AwFn":{"chainKey":{"counter":0,"key":"uvA2UHDp8ILJPLBF2m8BytFzACt0e2kLoa5eKfo0btM="},"chainType":1,"messageKeys":{}}},"pendingPreKey":{"signedKeyId":4,"baseKey":"BbZ/aeF3Wigy1Ah+sk9hqQqmQx0Rz44/yIQyOiO75HMm","preKeyId":12983106}}},"version":"v1"}