{"_sessions":{"BWFUXrSJvWi7mkCH+S9AWthhp0ZS1RgQ5+OzgI209ncO":{"registrationId":347248202,"currentRatchet":{"ephemeralKeyPair":{"pubKey":"BRixIjYXaldzvJXdk8MdiCqQApfyVRyMtN8XKrxYHJ8J","privKey":"0FRlO/NY0XTRbp3WqX4AVKHGgBChp4ZQ7+KZJJGcUUg="},"lastRemoteEphemeralKey":"BTli37LCMENM3luIe/9GCulvoD9qVF5oh7DVjfNKScpR","previousCounter":0,"rootKey":"O4N3YgITLa+WuhTwqB+sh4/eIg7ksFxLO2DFFt7i9d8="},"indexInfo":{"baseKey":"BWFUXrSJvWi7mkCH+S9AWthhp0ZS1RgQ5+OzgI209ncO","baseKeyType":1,"closed":-1,"used":1683691126526,"created":1683691126526,"remoteIdentityKey":"BUPNGfhR7lcQzBRps9AGhaeWLAdtVlaklNhoJTH51lNl"},"_chains":{"BRixIjYXaldzvJXdk8MdiCqQApfyVRyMtN8XKrxYHJ8J":{"chainKey":{"counter":0,"key":"n3KqN62rpAUF3hqABpCCt6vsSu/F5bXqSUatquTaJOs="},"chainType":1,"messageKeys":{}}},"pendingPreKey":{"signedKeyId":34,"baseKey":"BWFUXrSJvWi7mkCH+S9AWthhp0ZS1RgQ5+OzgI209ncO","preKeyId":2735590}}},"version":"v1"}