{"_sessions":{"Be4WPRlxgzcvLHN/VbmUrMFzysfvkXfUfq3/guCJIBlD":{"registrationId":828538835,"currentRatchet":{"ephemeralKeyPair":{"pubKey":"BcB6PjkrLli/mAnK5rF1XeTw97Fs2WtXMeM9g5MuTgQ5","privKey":"eNGDId9AleSeK1NC/7vmsPdkjkww9LMN/dvURagiY1s="},"lastRemoteEphemeralKey":"BWaOeGtXOLtkr1GuQE9FEMmtAefVPx+H15eLkymRhlsu","previousCounter":0,"rootKey":"7jp+VziHUdsfoyoryzbe7M9HDGUJ053MHpBVLO14CqI="},"indexInfo":{"baseKey":"Be4WPRlxgzcvLHN/VbmUrMFzysfvkXfUfq3/guCJIBlD","baseKeyType":1,"closed":-1,"used":1683691125908,"created":1683691125908,"remoteIdentityKey":"Bc244ouLFWzz3TH23xj7vs3Uj6SsgL4Ie/rBeeEt3cUD"},"_chains":{"BcB6PjkrLli/mAnK5rF1XeTw97Fs2WtXMeM9g5MuTgQ5":{"chainKey":{"counter":0,"key":"hzkOSQ82Wmq34r9QNpePV11YQobeBe1RAi3RkT5lj0g="},"chainType":1,"messageKeys":{}}},"pendingPreKey":{"signedKeyId":17,"baseKey":"Be4WPRlxgzcvLHN/VbmUrMFzysfvkXfUfq3/guCJIBlD","preKeyId":7613064}}},"version":"v1"}