{"_sessions":{"BZJm0b16pku7viePxhYXknxIG7wiXceolw29NAgD6rRH":{"registrationId":1522987090,"currentRatchet":{"ephemeralKeyPair":{"pubKey":"BYOxczAKgguOUX7iowNXox3MBp0sAmEOdYqnp6q+Nip1","privKey":"MCQIqOcqoF0SqijtjFLOMXlVWJ80RI7OqRQuVpCpvnQ="},"lastRemoteEphemeralKey":"BZxwk2Mo+Nf4Nb1FwfuCRYS6klmqUqi4JMYxZB6tzd0c","previousCounter":0,"rootKey":"KwU0IfxON1IOKNXY5OSd1Q5YyU54ndgBlVW5UwjQECU="},"indexInfo":{"baseKey":"BZJm0b16pku7viePxhYXknxIG7wiXceolw29NAgD6rRH","baseKeyType":1,"closed":-1,"used":1683691126283,"created":1683691126283,"remoteIdentityKey":"BVq0x3WuuG1rCA5y7BkavZ/Ns9BUGeS2/81d2ebrBGc1"},"_chains":{"BYOxczAKgguOUX7iowNXox3MBp0sAmEOdYqnp6q+Nip1":{"chainKey":{"counter":0,"key":"lhekJc/q1Qy2+H0aP90SeNjzXUdz999AWt8K8rgwxYQ="},"chainType":1,"messageKeys":{}}},"pendingPreKey":{"signedKeyId":6,"baseKey":"BZJm0b16pku7viePxhYXknxIG7wiXceolw29NAgD6rRH","preKeyId":15026824}}},"version":"v1"}