{"_sessions":{"BfjAzyV2Tv6ztL7U9RRbMhvON2kYYCWGOZS1lSdETJAf":{"registrationId":1513537628,"currentRatchet":{"ephemeralKeyPair":{"pubKey":"BRSbwTV+0YZVagifcvA5jv9cuOrGlTXnXZu82V+PC4R6","privKey":"uNOcSoOxuP+Pj0ki8EWtDnBOlJqL2sb++JaTTGJqKUM="},"lastRemoteEphemeralKey":"BTDXuIjtwE5/KYEEPGIXiMGL5M6HnxC+FwACJmQ5Xk9F","previousCounter":0,"rootKey":"jCD9nS+RBd1HK+UNXlw6g7fjKqDVq435mBceOawGlb0="},"indexInfo":{"baseKey":"BfjAzyV2Tv6ztL7U9RRbMhvON2kYYCWGOZS1lSdETJAf","baseKeyType":1,"closed":-1,"used":1683691126574,"created":1683691126574,"remoteIdentityKey":"Bf6f91M1fEwfM7O8KHaThbBWrH8SgI8AHkJot6DZrFNf"},"_chains":{"BRSbwTV+0YZVagifcvA5jv9cuOrGlTXnXZu82V+PC4R6":{"chainKey":{"counter":0,"key":"wD1kLyNqWbwE+NMNRvdPklVAPOZ1XyyW3yPNQvT+aW0="},"chainType":1,"messageKeys":{}}},"pendingPreKey":{"signedKeyId":2,"baseKey":"BfjAzyV2Tv6ztL7U9RRbMhvON2kYYCWGOZS1lSdETJAf","preKeyId":11281992}}},"version":"v1"}