{"_sessions":{"BYB2kqnZHxaxGg9d3zCUI9bnT/DF6AqFCl1/WollBKM8":{"registrationId":1079757208,"currentRatchet":{"ephemeralKeyPair":{"pubKey":"BWU2y9MHKNRAHoHlc6FP7hiUa8d38/N2jnEYMG0Ik4FM","privKey":"4OB89y5O6q8tJZi70Y62i8CMZV8Zr/CKIAEdPDA+anU="},"lastRemoteEphemeralKey":"BYjzHzK5tqMfS5saN0Jo2glNctgNM+O5RGNm4oDpwuYb","previousCounter":0,"rootKey":"ynojDQiSH/olBVRjaRw2SILcXD/U3B0dXxZqneWQSZs="},"indexInfo":{"baseKey":"BYB2kqnZHxaxGg9d3zCUI9bnT/DF6AqFCl1/WollBKM8","baseKeyType":1,"closed":-1,"used":1683691126642,"created":1683691126642,"remoteIdentityKey":"BamAa+u/QdB9ToN1ddsh7Zrohi+iWdeyGck+4TkgzFtM"},"_chains":{"BWU2y9MHKNRAHoHlc6FP7hiUa8d38/N2jnEYMG0Ik4FM":{"chainKey":{"counter":0,"key":"BfVS9EYe47i7MnSaRNQHv1YPJlgRXWE0wVbfaNPMuM8="},"chainType":1,"messageKeys":{}}},"pendingPreKey":{"signedKeyId":39,"baseKey":"BYB2kqnZHxaxGg9d3zCUI9bnT/DF6AqFCl1/WollBKM8","preKeyId":1785541}}},"version":"v1"}