{"_sessions":{"BVtB+ipPPainbPO+ga+mmMxOf2Phz7aG7DFtpwVjWx5H":{"registrationId":102664289,"currentRatchet":{"ephemeralKeyPair":{"pubKey":"BeN9yMkSvCtNqc9M0KQn6DWM2Dyn6EDhcyHdsf3c70pi","privKey":"ELECvLugQ0UYL6N8RC2QuvGM6Gtmyqid7tH6HUxHC0k="},"lastRemoteEphemeralKey":"BdU5cjjINh0McViofGkEeatF6RkRh0qyHLZPXFlk2qNl","previousCounter":0,"rootKey":"dKu/5GnfIEjYaIvM7WwyqnPy5rmhDFfTVTCTJmmTzOE="},"indexInfo":{"baseKey":"BVtB+ipPPainbPO+ga+mmMxOf2Phz7aG7DFtpwVjWx5H","baseKeyType":1,"closed":-1,"used":1683691126269,"created":1683691126269,"remoteIdentityKey":"Bcw1g603aGD/0/dbK6o+vPtpS1tHuveAMffC7DDTGUYg"},"_chains":{"BeN9yMkSvCtNqc9M0KQn6DWM2Dyn6EDhcyHdsf3c70pi":{"chainKey":{"counter":0,"key":"AxvBPKE0lGCQ6Hs47zBN2ne+hHDGis7V/+iWS4RB08E="},"chainType":1,"messageKeys":{}}},"pendingPreKey":{"signedKeyId":0,"baseKey":"BVtB+ipPPainbPO+ga+mmMxOf2Phz7aG7DFtpwVjWx5H","preKeyId":4531861}}},"version":"v1"}