{"_sessions":{"BSeSg7NyQ5TOUO5U6HW0+GmwhUlmYZopffqfFjwVIw0+":{"registrationId":2075077406,"currentRatchet":{"ephemeralKeyPair":{"pubKey":"BaRBHR2M2Hv48le0SNUqtk9vwydHlK/D8S8kXCEtij4K","privKey":"iIFMF0f6d2HF4QkVRYmfWS8Rsja1eHYndrIX6fkN+F4="},"lastRemoteEphemeralKey":"BTI8GYJXqhHRD2WGr4est7EGWyo+9xo5nJiEtm+r6CY/","previousCounter":0,"rootKey":"If228C7j++M3gpjP2zkhYt/5Symw7aqAVPmuXBMx6eo="},"indexInfo":{"baseKey":"BSeSg7NyQ5TOUO5U6HW0+GmwhUlmYZopffqfFjwVIw0+","baseKeyType":1,"closed":-1,"used":1683691125930,"created":1683691125930,"remoteIdentityKey":"Bdiht6phL/As3NTPGyJRcgMz69oM/2rQnJVDLyQUGrZH"},"_chains":{"BaRBHR2M2Hv48le0SNUqtk9vwydHlK/D8S8kXCEtij4K":{"chainKey":{"counter":0,"key":"vmbC5uALrVKFiNebbQ34lYgx0zlKSeAhUoCMCZqnjGE="},"chainType":1,"messageKeys":{}}},"pendingPreKey":{"signedKeyId":8,"baseKey":"BSeSg7NyQ5TOUO5U6HW0+GmwhUlmYZopffqfFjwVIw0+","preKeyId":5968153}}},"version":"v1"}