{"_sessions":{"Bacb8KQlQ0bV3jBUom3lZHzxTprhMC4lF9Ub6J+vcKQo":{"registrationId":600662991,"currentRatchet":{"ephemeralKeyPair":{"pubKey":"BYgAnQwIG3jWslHEpD2fvZxX1oByiPnaoiyEJ9trNux8","privKey":"YAynyX6Shs4mql3NexEiMK84JpnoD5a65N3QD4Lrg14="},"lastRemoteEphemeralKey":"BW8ELDsxISdc0Vz4vokuqtEYxuK8xD+nuvnbUBHz8Kc1","previousCounter":0,"rootKey":"x2WkwyUW0Tsl0ynmVaM/dvK98YMY8LHqEUNm3EgA9O4="},"indexInfo":{"baseKey":"Bacb8KQlQ0bV3jBUom3lZHzxTprhMC4lF9Ub6J+vcKQo","baseKeyType":1,"closed":-1,"used":1683691126416,"created":1683691126416,"remoteIdentityKey":"BdPC3n6lbP0HeSQm++a9Sff74iMJ0C4A31ixTahvDVV/"},"_chains":{"BYgAnQwIG3jWslHEpD2fvZxX1oByiPnaoiyEJ9trNux8":{"chainKey":{"counter":0,"key":"ANezCYR28XfxbqgGWL3vvAOKXBhHCRtY/K97aJgn/yQ="},"chainType":1,"messageKeys":{}}},"pendingPreKey":{"signedKeyId":37,"baseKey":"Bacb8KQlQ0bV3jBUom3lZHzxTprhMC4lF9Ub6J+vcKQo","preKeyId":11440129}}},"version":"v1"}