{"_sessions":{"BexUb2LXBOK8kbJJaIBiSU8wKXTvtTeTCmLvm2IR52Rc":{"registrationId":1616232710,"currentRatchet":{"ephemeralKeyPair":{"pubKey":"BSXzCpJ/2Njk3371U2UvQ6xpdFMOBBreyJMEmc0s6yox","privKey":"2EXmGU/M5oHk+ZI9YKjr24jMRlzPnqAdtokJLrboS0I="},"lastRemoteEphemeralKey":"BRnQvxyJtTpDPleqbrZGpzwQPvwxACehy4JxgdIy7FdP","previousCounter":0,"rootKey":"8+kQDvyYbJe9nQCJ3lGLOvnJVQiQ8S5+KiUH/g3HHTc="},"indexInfo":{"baseKey":"BexUb2LXBOK8kbJJaIBiSU8wKXTvtTeTCmLvm2IR52Rc","baseKeyType":1,"closed":-1,"used":1683691126557,"created":1683691126557,"remoteIdentityKey":"BUHXi1/E5guOl4caq5kuPRTMbHl1o9ZeAFI/m3gEk5Nw"},"_chains":{"BSXzCpJ/2Njk3371U2UvQ6xpdFMOBBreyJMEmc0s6yox":{"chainKey":{"counter":0,"key":"pJdp9i2Mth7ukC/bj4OIZtmUuqTpSHjmdzaWHvpu+Mo="},"chainType":1,"messageKeys":{}}},"pendingPreKey":{"signedKeyId":2,"baseKey":"BexUb2LXBOK8kbJJaIBiSU8wKXTvtTeTCmLvm2IR52Rc","preKeyId":5488076}}},"version":"v1"}