{"_sessions":{"BYV/b3PWy+q3Z2A9ainUygrI6/+TR7qgH48E5ubAL3ll":{"registrationId":541647281,"currentRatchet":{"ephemeralKeyPair":{"pubKey":"BQ35Wj28xwDk5F4uijy8s3OudCt0+RgvGC4heSv2R08o","privKey":"8Mx/Cp0l/96qLvTtKTR0d43KNRnIveoGQwkG9thvimQ="},"lastRemoteEphemeralKey":"BZtjlStbBmmsQFS5b51s3k6+twSu/Ia3lwwO6vPBHk0Y","previousCounter":0,"rootKey":"IZNAuGTPW/jOIzYYEtF93oQ/5patX8QbGSM0J7GFZmw="},"indexInfo":{"baseKey":"BYV/b3PWy+q3Z2A9ainUygrI6/+TR7qgH48E5ubAL3ll","baseKeyType":1,"closed":-1,"used":1683691126519,"created":1683691126519,"remoteIdentityKey":"BeoSqOAAvjOol4Gx0S2JYnPO9JmnIwoQupgHRvwD8dQH"},"_chains":{"BQ35Wj28xwDk5F4uijy8s3OudCt0+RgvGC4heSv2R08o":{"chainKey":{"counter":0,"key":"E8No4jGGI9MBgVEJEFogYsTTJjJ6XRaSU85TUkt1Zvc="},"chainType":1,"messageKeys":{}}},"pendingPreKey":{"signedKeyId":5,"baseKey":"BYV/b3PWy+q3Z2A9ainUygrI6/+TR7qgH48E5ubAL3ll","preKeyId":6531646}}},"version":"v1"}