{"_sessions":{"BR11fwg4lpxTGHS8X7gNuKYgU/8W7jBs4etWX9xx0ZQt":{"registrationId":342657221,"currentRatchet":{"ephemeralKeyPair":{"pubKey":"BQzEr6Ng9IwifHeYofKEcwGagJtqWil03BNmE8m7I1I8","privKey":"4Ahe3aWImOP9XaKaEU9FLYz6FQWK6GS5iNS0j3F4AVk="},"lastRemoteEphemeralKey":"BbHnqwCxvJBksFR6a8G98IrmLExa26iP8C1SWRWWv8Eg","previousCounter":0,"rootKey":"fI+Twrq23Ypz8WYo0KXKl04airWjn01Mt3AIHvzE2/k="},"indexInfo":{"baseKey":"BR11fwg4lpxTGHS8X7gNuKYgU/8W7jBs4etWX9xx0ZQt","baseKeyType":1,"closed":-1,"used":1683691126295,"created":1683691126295,"remoteIdentityKey":"BZxiR+YawgSCkUipu5hWloEIXYSaG7xP7vUSu67y3k4p"},"_chains":{"BQzEr6Ng9IwifHeYofKEcwGagJtqWil03BNmE8m7I1I8":{"chainKey":{"counter":0,"key":"mpDY1c9lWy8iXinMddYknOI6kg3uw/xJzrT8VyZ2mKA="},"chainType":1,"messageKeys":{}}},"pendingPreKey":{"signedKeyId":1,"baseKey":"BR11fwg4lpxTGHS8X7gNuKYgU/8W7jBs4etWX9xx0ZQt","preKeyId":13527889}}},"version":"v1"}