{"_sessions":{"BSwzCukm/eJ5Jlfutp6SRUrLAQvmbBdGQl75plTqGzwd":{"registrationId":1406481786,"currentRatchet":{"ephemeralKeyPair":{"pubKey":"Bdux7jckwlBrIV8tnVVLZ6oPckuuqzr6VWb4duk/+j9b","privKey":"aHjPGURkGP9JzThgpqo6O/Aqxi1pkP7AguIS9TocO3M="},"lastRemoteEphemeralKey":"BQKZ7vz+hh5s0lCvQ/MMxGJl6ja8G6DktR3+m0I1vvwf","previousCounter":0,"rootKey":"OnM/u+lxpRYmzhTKW4AAU6oi55c0AH6jU767wmjmG74="},"indexInfo":{"baseKey":"BSwzCukm/eJ5Jlfutp6SRUrLAQvmbBdGQl75plTqGzwd","baseKeyType":1,"closed":-1,"used":1683691126066,"created":1683691126066,"remoteIdentityKey":"BXr8xDSabU2e/wjfHblIPZw2rGafZsw+WZvFxEVovoBk"},"_chains":{"Bdux7jckwlBrIV8tnVVLZ6oPckuuqzr6VWb4duk/+j9b":{"chainKey":{"counter":0,"key":"DdlTaiorH/VSQ3EQ/UlrDBh9cnjavHIhl3b4YCBwDmQ="},"chainType":1,"messageKeys":{}}},"pendingPreKey":{"signedKeyId":1,"baseKey":"BSwzCukm/eJ5Jlfutp6SRUrLAQvmbBdGQl75plTqGzwd","preKeyId":991676}}},"version":"v1"}