{"_sessions":{"BSQ7eoN5KtU5i7AZRVQ+zfa/T4gnKkzpVy2KyubsJyM5":{"registrationId":1122111605,"currentRatchet":{"ephemeralKeyPair":{"pubKey":"BRMM1M8kfTMzJVTl88dKeRjWmHfocBbS/+B7UY28FfZi","privKey":"EA27Fi9QSZUa+O6EG9kOVbs5OCxAP9DKAXvOARFfeWA="},"lastRemoteEphemeralKey":"BeEtapU18XQMckELySFdD5hB0hR38JWm7GK+t1+WkkdG","previousCounter":0,"rootKey":"zKeGJ12NssDebf6vqJYbXCO7GgseVqgcy0byR3RYxi4="},"indexInfo":{"baseKey":"BSQ7eoN5KtU5i7AZRVQ+zfa/T4gnKkzpVy2KyubsJyM5","baseKeyType":1,"closed":-1,"used":1683691126225,"created":1683691126225,"remoteIdentityKey":"BShjE5fulwI4JKpDoC/q6aYwDK0PrGyDVxkPvwvOmnsc"},"_chains":{"BRMM1M8kfTMzJVTl88dKeRjWmHfocBbS/+B7UY28FfZi":{"chainKey":{"counter":0,"key":"+vDl2iy19J1TAK9CHIhw42SUsIICHiECT4xdjI8QZ60="},"chainType":1,"messageKeys":{}}},"pendingPreKey":{"signedKeyId":3,"baseKey":"BSQ7eoN5KtU5i7AZRVQ+zfa/T4gnKkzpVy2KyubsJyM5","preKeyId":6690099}}},"version":"v1"}