{"_sessions":{"BVE3D0/rNfDkyca6oeWgMM3S0WaIDv9tHVLGtflFDJM+":{"registrationId":1080153821,"currentRatchet":{"ephemeralKeyPair":{"pubKey":"BZbwDfANmjrMoXr7Uu4mCIxEt+kbTu9NUG+iZrLLtWBd","privKey":"YEChgFM4Z/UDZUodhCS+mVrzMxd5+K+umVIxi64mZW4="},"lastRemoteEphemeralKey":"BU41SB77x9RKYGT0dmd/hL8XuX12WUF44Jggbw75HFtl","previousCounter":0,"rootKey":"sR1PC4cI/EFuVh7XezNoWX0PQvxkrPaqKdowptNYfck="},"indexInfo":{"baseKey":"BVE3D0/rNfDkyca6oeWgMM3S0WaIDv9tHVLGtflFDJM+","baseKeyType":1,"closed":-1,"used":1683249895826,"created":1683249895826,"remoteIdentityKey":"BbtX5jD/SuxWyGyg5+NOy61XDaxXOk4SPEWpxMt5DCdC"},"_chains":{"BZbwDfANmjrMoXr7Uu4mCIxEt+kbTu9NUG+iZrLLtWBd":{"chainKey":{"counter":0,"key":"gaa/l7MdI8+908lj56FFXNbbuzTURMVeOjuhztU5nKU="},"chainType":1,"messageKeys":{}}},"pendingPreKey":{"signedKeyId":1,"baseKey":"BVE3D0/rNfDkyca6oeWgMM3S0WaIDv9tHVLGtflFDJM+","preKeyId":2818533}}},"version":"v1"}