{"_sessions":{"Bble+WTvy8DeMDkd1dO6HnacPsUyxHWiI9wyIuIySRQN":{"registrationId":23,"currentRatchet":{"ephemeralKeyPair":{"pubKey":"BW97f4cbKDFkPI1qtUjRCSX+VjylbNH3UirCVKdlnxkt","privKey":"8JwxaVeh7pJXISF7itMUudFQmoroR2ia267XAHsb/2M="},"lastRemoteEphemeralKey":"Bf1CVOp5vW3XpAnVnIBawF7DQ6Y1SeyfnZz40928rZlx","previousCounter":0,"rootKey":"7S2fCL0ddiZt2iHtYmjFy9nmchD0EOpTTmoCQk4ih0k="},"indexInfo":{"baseKey":"Bble+WTvy8DeMDkd1dO6HnacPsUyxHWiI9wyIuIySRQN","baseKeyType":1,"closed":-1,"used":1683691125656,"created":1683691125656,"remoteIdentityKey":"BYiWotUTLo+9ZbcodS7D1bnF0HmbEWlPyxyludQZsRFU"},"_chains":{"BW97f4cbKDFkPI1qtUjRCSX+VjylbNH3UirCVKdlnxkt":{"chainKey":{"counter":0,"key":"k0LT0vlBHGtNGfxyrAmdV0YKAQTyugkcvKxCNCVIUzg="},"chainType":1,"messageKeys":{}}},"pendingPreKey":{"signedKeyId":1,"baseKey":"Bble+WTvy8DeMDkd1dO6HnacPsUyxHWiI9wyIuIySRQN","preKeyId":4361}}},"version":"v1"}