{"_sessions":{"BTYJ6joj+4vSxZwVxo5umNltYWv7iECp2Cy4rPUbdlJ8":{"registrationId":1797356676,"currentRatchet":{"ephemeralKeyPair":{"pubKey":"BYrvnNZhJVPO1eRtUDLPS2A/Zx/SfF9bT1bbqnLiX8dX","privKey":"cHW0Ev5pPE6j44D/BB5FiF2PihJExUy/sYQEu2AkC2Q="},"lastRemoteEphemeralKey":"BTIKEcvqYS/ha+7C3SissoqwTuz9cegAyo/yvJTqAVce","previousCounter":0,"rootKey":"YZPdy9JMVEEgnTHRQ+dT6ZeuWnb51PWvd11mIsLybc0="},"indexInfo":{"baseKey":"BTYJ6joj+4vSxZwVxo5umNltYWv7iECp2Cy4rPUbdlJ8","baseKeyType":1,"closed":-1,"used":1683691126043,"created":1683691126043,"remoteIdentityKey":"BWbWPCVOxd450wm1fit9iNdBq3A3LpRwM5/vdebkAhha"},"_chains":{"BYrvnNZhJVPO1eRtUDLPS2A/Zx/SfF9bT1bbqnLiX8dX":{"chainKey":{"counter":0,"key":"Gc8WvL9dGdFHy6t1R6JFDupOdrT0WvSde6oLoZO5ZsM="},"chainType":1,"messageKeys":{}}},"pendingPreKey":{"signedKeyId":5,"baseKey":"BTYJ6joj+4vSxZwVxo5umNltYWv7iECp2Cy4rPUbdlJ8","preKeyId":7593007}}},"version":"v1"}