{"_sessions":{"BRb1fJKPIHsTDt71wWX1DYlinvPEonpQMtiaKNtkwYYI":{"registrationId":967531491,"currentRatchet":{"ephemeralKeyPair":{"pubKey":"BVFMhyRbqDhcayplQgW2lu7PPGLioCrXWkwgvo6ZPPhM","privKey":"yBhpsEWQ7OeZtu5UTnn1NXIM35qyXy3sCcTR53fo7k4="},"lastRemoteEphemeralKey":"BdZRTUQDkOfWqR/54KIaZ9wivA8E39xtwyVM7fWui000","previousCounter":0,"rootKey":"xWV7IAWcDwEdTzq5Qumms3WYReTmg6rUVZMpw1wwf7g="},"indexInfo":{"baseKey":"BRb1fJKPIHsTDt71wWX1DYlinvPEonpQMtiaKNtkwYYI","baseKeyType":1,"closed":-1,"used":1683691126337,"created":1683691126337,"remoteIdentityKey":"BR2hvnA6f85eHoevJ/Oj7ARzIMFrgsh7FFpMDdgSjTUO"},"_chains":{"BVFMhyRbqDhcayplQgW2lu7PPGLioCrXWkwgvo6ZPPhM":{"chainKey":{"counter":0,"key":"gNLTpy5+81VrBQhIesHDkBJqqg3gJGTGciQC2r43ACg="},"chainType":1,"messageKeys":{}}},"pendingPreKey":{"signedKeyId":0,"baseKey":"BRb1fJKPIHsTDt71wWX1DYlinvPEonpQMtiaKNtkwYYI","preKeyId":4656757}}},"version":"v1"}