{"_sessions":{"BcBiMaAwR9AzezqOSPdLflNN7XL/eN3SnN6a+rrq9Pws":{"registrationId":1911136650,"currentRatchet":{"ephemeralKeyPair":{"pubKey":"BUuHw+x2M0UOZJ9QEFPaM/jEYWIDIeBtXOC7KXeXS4xO","privKey":"aAaUs5AQ5On4490iIbYumK26+MomSigIeUxErwVufUw="},"lastRemoteEphemeralKey":"BYZTCRgsiS6Nqq9DOxsVAUiUYJyAzXNYDwZQlrHS5H9U","previousCounter":0,"rootKey":"tXT6mPI0CzgeF+m5V7zP7ee2PmYiENhuqDb43s/rP44="},"indexInfo":{"baseKey":"BcBiMaAwR9AzezqOSPdLflNN7XL/eN3SnN6a+rrq9Pws","baseKeyType":1,"closed":-1,"used":1683691126131,"created":1683691126131,"remoteIdentityKey":"Bdi06dlAZWsxCaG2mqO0VyugiMcA9y/SyFxNmHxMq4xq"},"_chains":{"BUuHw+x2M0UOZJ9QEFPaM/jEYWIDIeBtXOC7KXeXS4xO":{"chainKey":{"counter":0,"key":"u7yS5c8MOzrOYWlzwhHEYIqykRPfKZ6ZSiQkrSyU25g="},"chainType":1,"messageKeys":{}}},"pendingPreKey":{"signedKeyId":1,"baseKey":"BcBiMaAwR9AzezqOSPdLflNN7XL/eN3SnN6a+rrq9Pws","preKeyId":5262388}}},"version":"v1"}