{"_sessions":{"BTmx/MkpSEqi/zaMVLN0UilWzfPvgLlKOBzV4JItLw9Q":{"registrationId":130564337,"currentRatchet":{"ephemeralKeyPair":{"pubKey":"BXF891QJPHMdMZL7jyBhMHE9q9tcunww8LAkyDFSJVFE","privKey":"wB4qg7LhBrGsK0ClpIx3EewLmFZyVZZoZfZhjNWgu3c="},"lastRemoteEphemeralKey":"BXDN0vDOEtAklA+qzTxxC3iVVrMv53+bspD2r5MlYM8U","previousCounter":0,"rootKey":"KzvTPTQdtAG3ZaMDKPyfD0GmBWvzcT/hQTKkjxYKg1Q="},"indexInfo":{"baseKey":"BTmx/MkpSEqi/zaMVLN0UilWzfPvgLlKOBzV4JItLw9Q","baseKeyType":1,"closed":-1,"used":1683691126166,"created":1683691126166,"remoteIdentityKey":"BQJCtdrg/SO8mjBX1fmWsmxxUJPYTxrKyPnLzEU6rDw6"},"_chains":{"BXF891QJPHMdMZL7jyBhMHE9q9tcunww8LAkyDFSJVFE":{"chainKey":{"counter":0,"key":"u9eUtMagxzQWRjuWSeFDjO0K1EoFE6pPa+7lxay4s0k="},"chainType":1,"messageKeys":{}}},"pendingPreKey":{"signedKeyId":25,"baseKey":"BTmx/MkpSEqi/zaMVLN0UilWzfPvgLlKOBzV4JItLw9Q","preKeyId":1905797}}},"version":"v1"}