{"_sessions":{"BVddHCw6lKv5KeuE0iY99BjYG9C7PEoAPCNEIbg/cwpp":{"registrationId":114186695,"currentRatchet":{"ephemeralKeyPair":{"pubKey":"BWg8voh/iQWmyayday7jJSqpV9F0im+xtRc7M8DhFOQP","privKey":"UBpVTMfPA2STGUW5fR5ADEAj4XYF09dUNN6JpQKeB3c="},"lastRemoteEphemeralKey":"BSH1fkGXWcW8Mw/iveHA9W7x9j7sgRsGfGzotSuyek4l","previousCounter":0,"rootKey":"8+oiKFSm5PnnnW2iDNskZuRHOJCgvoAgIlx2iMTp+4w="},"indexInfo":{"baseKey":"BVddHCw6lKv5KeuE0iY99BjYG9C7PEoAPCNEIbg/cwpp","baseKeyType":1,"closed":-1,"used":1683691125898,"created":1683691125898,"remoteIdentityKey":"BdgBnMNOZoBBpQavzpRf3koOOXgteGi5Jml4FBuEul0V"},"_chains":{"BWg8voh/iQWmyayday7jJSqpV9F0im+xtRc7M8DhFOQP":{"chainKey":{"counter":0,"key":"wKKS0QuyASHOlHLxyg2BbFdVGLbPwpntGwi/iSeIwRo="},"chainType":1,"messageKeys":{}}},"pendingPreKey":{"signedKeyId":2,"baseKey":"BVddHCw6lKv5KeuE0iY99BjYG9C7PEoAPCNEIbg/cwpp","preKeyId":10052230}}},"version":"v1"}