{"_sessions":{"BfoEa9ta5urgz5AZ61GpmipC4ySE48V9CxwzSnqY3uYw":{"registrationId":496709639,"currentRatchet":{"ephemeralKeyPair":{"pubKey":"BeGehErVwe6aTpNmka7nC/BrvtTgtOqZEQ2sdUA22fNe","privKey":"6BW7/F/NKjtZAX61Jv3v0Bnb26SbTP0JN2Jkwa9NVlU="},"lastRemoteEphemeralKey":"BY23s4VRIm63E4x+0N5UrnyWWW22GZyY9pwrDMQO1DF6","previousCounter":0,"rootKey":"3528i4oS+QRp2GNjGasCUJvzTDlg61McyVDOe+d1ojg="},"indexInfo":{"baseKey":"BfoEa9ta5urgz5AZ61GpmipC4ySE48V9CxwzSnqY3uYw","baseKeyType":1,"closed":-1,"used":1683691126362,"created":1683691126362,"remoteIdentityKey":"BVsmZ14ywbO6TfotLwdJSSK/KqF4G8Q8b7Xs0BjMtw83"},"_chains":{"BeGehErVwe6aTpNmka7nC/BrvtTgtOqZEQ2sdUA22fNe":{"chainKey":{"counter":0,"key":"xdt1S9rY476sNkKXUij6/lJSPEtaMEgMTJKlaDfurJI="},"chainType":1,"messageKeys":{}}},"pendingPreKey":{"signedKeyId":14,"baseKey":"BfoEa9ta5urgz5AZ61GpmipC4ySE48V9CxwzSnqY3uYw","preKeyId":10312815}}},"version":"v1"}