{"_sessions":{"BXVqzCVWLPAgHVpj/XLGCDKoK1pYmQjNPC2e6NKwJJoS":{"registrationId":12545,"currentRatchet":{"ephemeralKeyPair":{"pubKey":"Bd7lKfua9DzPKHBwXh9r5uw4z7wKuT8H4n6QwEJDrrN/","privKey":"SKlt3HhWpKTAdNNX06vRPYRnganKdhXBrtglH7SRMEs="},"lastRemoteEphemeralKey":"BbjMzVERrafSdX/D8kD2jonV4fIvIXcqOhKEQgz6L4se","previousCounter":0,"rootKey":"Gsh8LFHzk5HSuVpPZXkelkrtvepYPjTVVTaeD08uW28="},"indexInfo":{"baseKey":"BXVqzCVWLPAgHVpj/XLGCDKoK1pYmQjNPC2e6NKwJJoS","baseKeyType":1,"closed":-1,"used":1683691125643,"created":1683691125643,"remoteIdentityKey":"BYdT5/d0g88OgiUTjL2o6pvec5VS6vzS3VjcKI/wnAQx"},"_chains":{"Bd7lKfua9DzPKHBwXh9r5uw4z7wKuT8H4n6QwEJDrrN/":{"chainKey":{"counter":0,"key":"8UBQsglTBiF22X904C4c1AuCCK8K87TyiQvaIA96Oeo="},"chainType":1,"messageKeys":{}}},"pendingPreKey":{"signedKeyId":1,"baseKey":"BXVqzCVWLPAgHVpj/XLGCDKoK1pYmQjNPC2e6NKwJJoS"}}},"version":"v1"}