{"_sessions":{"BWxlRTpmLfaSPp3nsp+7QMlfaiE+wrm3Uq6pd6aLhzpB":{"registrationId":126271771,"currentRatchet":{"ephemeralKeyPair":{"pubKey":"BR+i6zkIGtzCgiJdzUIOUz/yiMKDY5+zj+9b7GZ2CwUR","privKey":"ECokIqof1bXYDqThx7oEPPLhXji0gDQITyUHnToukW4="},"lastRemoteEphemeralKey":"BZlwysiIuQ2/nDKBnIuacbKnpa+iLD60T+T6oulH69Fm","previousCounter":0,"rootKey":"5xrcik4VjAc3hxfpa4TuODe+83g6g9uii0+QKo16CBc="},"indexInfo":{"baseKey":"BWxlRTpmLfaSPp3nsp+7QMlfaiE+wrm3Uq6pd6aLhzpB","baseKeyType":1,"closed":-1,"used":1683691125884,"created":1683691125884,"remoteIdentityKey":"BUggqwS954XrjjLwV5ajyuF9uX465D3tN4k/Ykecrtda"},"_chains":{"BR+i6zkIGtzCgiJdzUIOUz/yiMKDY5+zj+9b7GZ2CwUR":{"chainKey":{"counter":0,"key":"4sZkG9YX8xQTfkqH15vmJ3SJIB1T916DssLi3YvJ5MY="},"chainType":1,"messageKeys":{}}},"pendingPreKey":{"signedKeyId":1,"baseKey":"BWxlRTpmLfaSPp3nsp+7QMlfaiE+wrm3Uq6pd6aLhzpB","preKeyId":1898661}}},"version":"v1"}