{"_sessions":{"BeYKYGRvqQJpQ2r55xrZFf9MaGs9AaswiqalP1ERMc80":{"registrationId":1081052883,"currentRatchet":{"ephemeralKeyPair":{"pubKey":"BRwLuEJeB2/+FEAQ9KGZOUUYuMd+vDsLewttoEDFHjVV","privKey":"yCGp8u6zBepUwDFF68iajJIS0AYbCsf4/2bvsdC+2kY="},"lastRemoteEphemeralKey":"BbfEqH9s+S85euw5v0Ui5vUlt6kmxd/+U2fDss2AZydk","previousCounter":0,"rootKey":"xXvy1wulDRFTC5P8U++vzwJ9SRcYsM70pxWUEjbn20U="},"indexInfo":{"baseKey":"BeYKYGRvqQJpQ2r55xrZFf9MaGs9AaswiqalP1ERMc80","baseKeyType":1,"closed":-1,"used":1683691126917,"created":1683691126917,"remoteIdentityKey":"BTQXCLbS6rRO26CU/7ZvrJgBWippg/WNmk8dXYQgadZ8"},"_chains":{"BRwLuEJeB2/+FEAQ9KGZOUUYuMd+vDsLewttoEDFHjVV":{"chainKey":{"counter":0,"key":"hbNfDWRsh+1JH8aiO37OQQnb1bZIs013r9YJXKd+LRQ="},"chainType":1,"messageKeys":{}}},"pendingPreKey":{"signedKeyId":7,"baseKey":"BeYKYGRvqQJpQ2r55xrZFf9MaGs9AaswiqalP1ERMc80","preKeyId":11899855}}},"version":"v1"}