{"_sessions":{"BdYHE7JWq08FBbFRQP8w2d4QaEK6wV4N3+pDplXRumgw":{"registrationId":1161793100,"currentRatchet":{"ephemeralKeyPair":{"pubKey":"BRJMIy7TkxvESYfblPbE2TexRXmEuypqvy7+eDgLrglT","privKey":"ACGCqF8shEL6CGHMfbPYFny2DPss1efjEkS88XfzXH8="},"lastRemoteEphemeralKey":"BVAKb4NEnP8kBXbJ9j7W8yGOWR1pIgza8pFGJ/UUPY5m","previousCounter":0,"rootKey":"XSWFDxtKpXdq5ftQ5jj6WrbPT5Qf8JmS+ynPUn2q2zI="},"indexInfo":{"baseKey":"BdYHE7JWq08FBbFRQP8w2d4QaEK6wV4N3+pDplXRumgw","baseKeyType":1,"closed":-1,"used":1683691126201,"created":1683691126201,"remoteIdentityKey":"BTn9LGCwgaFXzzDMqa+r2aK2zNuWoGJnJSbBLLRIxzoH"},"_chains":{"BRJMIy7TkxvESYfblPbE2TexRXmEuypqvy7+eDgLrglT":{"chainKey":{"counter":0,"key":"CjRw1754HQ/d3cLngI4WpEAZvI0mdMdLCF7fhT+ZNT0="},"chainType":1,"messageKeys":{}}},"pendingPreKey":{"signedKeyId":4,"baseKey":"BdYHE7JWq08FBbFRQP8w2d4QaEK6wV4N3+pDplXRumgw","preKeyId":10765055}}},"version":"v1"}