{"_sessions":{"BYuEDnvXsfTpXpB7ivmhVk+hkKjtxl2P+52bTMoIFZYN":{"registrationId":1412451570,"currentRatchet":{"ephemeralKeyPair":{"pubKey":"BScsf9dVIFSzOf1yJQisvTVnjBRvj6Y4gNvrC2RfpEJY","privKey":"4GLOv5VpB6TbmFIlUNEmcaMfYuv/+hJyECOI5/UJcVY="},"lastRemoteEphemeralKey":"BYIc7OLCBSNo0DNLE+r8ThSMVzs4+/LQYJl8WgbNbLcg","previousCounter":0,"rootKey":"STixEdpSj5jfWfnTlLYx2+aMAd5mI9VljY5Y7L4Vdks="},"indexInfo":{"baseKey":"BYuEDnvXsfTpXpB7ivmhVk+hkKjtxl2P+52bTMoIFZYN","baseKeyType":1,"closed":-1,"used":1683691125725,"created":1683691125725,"remoteIdentityKey":"BZe1SnT/CQf2ZlOYMafdvMBqzKuSNFMEQvfLfjPGiYwj"},"_chains":{"BScsf9dVIFSzOf1yJQisvTVnjBRvj6Y4gNvrC2RfpEJY":{"chainKey":{"counter":0,"key":"Aqoka78V1An5U00jI+il4ypCSNPWcgeLlWJ6GcviHS8="},"chainType":1,"messageKeys":{}}},"pendingPreKey":{"signedKeyId":6,"baseKey":"BYuEDnvXsfTpXpB7ivmhVk+hkKjtxl2P+52bTMoIFZYN","preKeyId":15891674}}},"version":"v1"}