{"_sessions":{"BaHVgNQ+ai8bjqUnAuvuNPA2lE5YfJr5X0ryvPpj4TgG":{"registrationId":1279021425,"currentRatchet":{"ephemeralKeyPair":{"pubKey":"BfT+xvgG0cn7nM4lWMCArrC3WQAVWftq6ySLmqaBWGRw","privKey":"uGt/X91QcgTgZyLtTKom6bmU4N5oeqMhMRCiBg8UG2Y="},"lastRemoteEphemeralKey":"Bf1MQDt0xVWux4mL2070Lh7ifqdlmEti7QbImhdq7clB","previousCounter":0,"rootKey":"HdYUa+GAJq+MzPpXJmtOSx0xpo7sc5tZniRNcZNh/xE="},"indexInfo":{"baseKey":"BaHVgNQ+ai8bjqUnAuvuNPA2lE5YfJr5X0ryvPpj4TgG","baseKeyType":1,"closed":-1,"used":1683691125732,"created":1683691125732,"remoteIdentityKey":"BVijMqrYamiQcQ2jnNRk6UTg5OK6rRhNYTsKvgEL7rBH"},"_chains":{"BfT+xvgG0cn7nM4lWMCArrC3WQAVWftq6ySLmqaBWGRw":{"chainKey":{"counter":0,"key":"Ez0uyWik6NiTmhNG0chjvXJXPbSkmkdFpthYdkU/7nk="},"chainType":1,"messageKeys":{}}},"pendingPreKey":{"signedKeyId":40,"baseKey":"BaHVgNQ+ai8bjqUnAuvuNPA2lE5YfJr5X0ryvPpj4TgG","preKeyId":16232988}}},"version":"v1"}