{"_sessions":{"BZc19cIgp/EzCLaDIKMZ0qDJuRQGzM/ABR4l2RfR7V9x":{"registrationId":1974208005,"currentRatchet":{"ephemeralKeyPair":{"pubKey":"BRKUa7Sc5tQChS04h+aYsAreEm5SLGJjjVJXNyD3uK5M","privKey":"gEDfML8YnBcq79vmvxEMCpnppgcURNKt93BPcaWWEkQ="},"lastRemoteEphemeralKey":"BWECKDq69VG1EbL6HKo+re3RyTjiKdK64VZbfDb3RvtC","previousCounter":0,"rootKey":"mSCtF4ZMOT6lcP46NLW1O3bMceJMabVw1c6O5aN88PI="},"indexInfo":{"baseKey":"BZc19cIgp/EzCLaDIKMZ0qDJuRQGzM/ABR4l2RfR7V9x","baseKeyType":1,"closed":-1,"used":1683691126393,"created":1683691126393,"remoteIdentityKey":"BWYdSyRcjoOVJyaZYbk48mwzNRRNGXJwGUbzhUSOdkBX"},"_chains":{"BRKUa7Sc5tQChS04h+aYsAreEm5SLGJjjVJXNyD3uK5M":{"chainKey":{"counter":0,"key":"/VTiOSS6ddc6BjD4SjWr+rkd2tt3fspHE0r/p297f9o="},"chainType":1,"messageKeys":{}}},"pendingPreKey":{"signedKeyId":2,"baseKey":"BZc19cIgp/EzCLaDIKMZ0qDJuRQGzM/ABR4l2RfR7V9x","preKeyId":4432873}}},"version":"v1"}