{"_sessions":{"BVD0jUK5mxhdEQEM66i7gp5UeWhafhLzOIrv5Cx5X7Jv":{"registrationId":536433445,"currentRatchet":{"ephemeralKeyPair":{"pubKey":"BWIEfReTaVX1gERiAI1EwjrIDPEdE+mw2dFUuvV58+Fe","privKey":"2HCpqoC4jzfY+ejDK+SbrUKx9ElODvgTBmtoaKnV6Vg="},"lastRemoteEphemeralKey":"BXRn0MfuPJMzIxiGeaUHyR7yeH/Arzo/KkRylR7iXSBl","previousCounter":0,"rootKey":"rfCc5ow4FgMk1Kpy8OmgdXk1SHjgvFl5Kn1Sk/rcOts="},"indexInfo":{"baseKey":"BVD0jUK5mxhdEQEM66i7gp5UeWhafhLzOIrv5Cx5X7Jv","baseKeyType":1,"closed":-1,"used":1683691126911,"created":1683691126911,"remoteIdentityKey":"BTWrz8E8gn2TPUB9G9BxSjRWeDU0cIT85pcHyrTrrIw9"},"_chains":{"BWIEfReTaVX1gERiAI1EwjrIDPEdE+mw2dFUuvV58+Fe":{"chainKey":{"counter":0,"key":"bgYtMYp4Rn57tnb79bJAX5FQvEkNHKLcCmwGGt14DT0="},"chainType":1,"messageKeys":{}}},"pendingPreKey":{"signedKeyId":29,"baseKey":"BVD0jUK5mxhdEQEM66i7gp5UeWhafhLzOIrv5Cx5X7Jv","preKeyId":591829}}},"version":"v1"}