{"_sessions":{"Bcw8YpT5iBZIJWtuQJQqn+9q0lUzMvr+IH9xNnOp2r0F":{"registrationId":798449086,"currentRatchet":{"ephemeralKeyPair":{"pubKey":"Be2cRNNKEn8KowRi0Aa88NfBQv1O1ow9yamTKhrM5rEJ","privKey":"KNrv7gszKt+0TRsV3dc/zmuqobniRy1gSuglgS6BBk0="},"lastRemoteEphemeralKey":"BVMRgiUTvWTePy6MfHiO47xScdleFKCYTYDIptwEzRoF","previousCounter":0,"rootKey":"pc0L7LuF9S2ImLHVfcJCTtx6vQcHvuadvOgQsDt9jJE="},"indexInfo":{"baseKey":"Bcw8YpT5iBZIJWtuQJQqn+9q0lUzMvr+IH9xNnOp2r0F","baseKeyType":1,"closed":-1,"used":1683691126145,"created":1683691126145,"remoteIdentityKey":"BQj/5X7qeLDIeuTLd4vpJXM7IDXAkJQzEQTQoj/D7sxg"},"_chains":{"Be2cRNNKEn8KowRi0Aa88NfBQv1O1ow9yamTKhrM5rEJ":{"chainKey":{"counter":0,"key":"3pBIe40MFLp2lmwjOeX862nrUORt62csqaG7nEBWhXk="},"chainType":1,"messageKeys":{}}},"pendingPreKey":{"signedKeyId":7,"baseKey":"Bcw8YpT5iBZIJWtuQJQqn+9q0lUzMvr+IH9xNnOp2r0F","preKeyId":8305928}}},"version":"v1"}