{"_sessions":{"BbN8LKND+7DUd1Cbfc3dIX2gYEHQUfmKSeFMs0eUfmY5":{"registrationId":806152220,"currentRatchet":{"ephemeralKeyPair":{"pubKey":"BU0x6F0VRGCYt+XNRi2MM0wZKLLUYGFXMZL0vbejpGY/","privKey":"gKCGoi+QKApFSfFqMqXPk7MPoDSo5xNTrNcnjDR4L3I="},"lastRemoteEphemeralKey":"BZWC6WtKM0e51kYwd8Mr5z30B4lIGJmHvBOeJFEVyLtl","previousCounter":0,"rootKey":"7EhS995alS+5Owld75MGbKxfaouRh6aKo3FykNN6nz4="},"indexInfo":{"baseKey":"BbN8LKND+7DUd1Cbfc3dIX2gYEHQUfmKSeFMs0eUfmY5","baseKeyType":1,"closed":-1,"used":1683691126213,"created":1683691126213,"remoteIdentityKey":"BUn5PlPzCR+CUWwW15gNOijmi+Fuz2AI0NWyFhZv8Ft8"},"_chains":{"BU0x6F0VRGCYt+XNRi2MM0wZKLLUYGFXMZL0vbejpGY/":{"chainKey":{"counter":0,"key":"WX4bS5pb+ghMdkT8saWbjonv/XRSswlwLZncB5eogBo="},"chainType":1,"messageKeys":{}}},"pendingPreKey":{"signedKeyId":22,"baseKey":"BbN8LKND+7DUd1Cbfc3dIX2gYEHQUfmKSeFMs0eUfmY5","preKeyId":13633483}}},"version":"v1"}