{"_sessions":{"BeHFK5C3c+jxnvnKTpUxR7Ejs3WVdbUWmOZejwybSdE9":{"registrationId":540602739,"currentRatchet":{"ephemeralKeyPair":{"pubKey":"BadhMDRxI92nVarujDxlkyIQlox98J3sKadX7pXKHtdc","privKey":"mAzygoWvt+Xo3xOadMZsTdtIZfGKXGl3zHdFtlrhfFo="},"lastRemoteEphemeralKey":"BTuzwciRQ97GyyeB3uS/RQI8wtSkjKXWxut53kTAY/8h","previousCounter":0,"rootKey":"V+cCNh3wEV1lOMQdU0BWb90sSZ3AaHAlKrxTruwCDwQ="},"indexInfo":{"baseKey":"BeHFK5C3c+jxnvnKTpUxR7Ejs3WVdbUWmOZejwybSdE9","baseKeyType":1,"closed":-1,"used":1683691126946,"created":1683691126946,"remoteIdentityKey":"BffLYsLlb26tumfsJU6qpdQrYUyrNapnK8aRC/tKji0p"},"_chains":{"BadhMDRxI92nVarujDxlkyIQlox98J3sKadX7pXKHtdc":{"chainKey":{"counter":0,"key":"tyDt4hl1GDPTtfV+am2E3UtaO+Ujhtv8kaxTfgeX/kU="},"chainType":1,"messageKeys":{}}},"pendingPreKey":{"signedKeyId":2,"baseKey":"BeHFK5C3c+jxnvnKTpUxR7Ejs3WVdbUWmOZejwybSdE9","preKeyId":4542650}}},"version":"v1"}