{"_sessions":{"BcabLqy7HA3tzKSUt44p1WkfBDDMVx4VdxyvPLt9W8Ed":{"registrationId":333129610,"currentRatchet":{"ephemeralKeyPair":{"pubKey":"BdoKRJSmPuhJwWiB0mUfBpnnr30pLev6/tV+FWWgJTBY","privKey":"0G7N2x4nAbYMTuYgaKYf6sEBVrxMO+gnceElhJT+5GE="},"lastRemoteEphemeralKey":"BVFDLKCWWzHw/7oLdgxa1OZl04p5TMSEIPsTgOpwhD5l","previousCounter":0,"rootKey":"mowk/c0Hpo0qeHLF4hIS5U+lubOM2aPMiTr3VnYrrOc="},"indexInfo":{"baseKey":"BcabLqy7HA3tzKSUt44p1WkfBDDMVx4VdxyvPLt9W8Ed","baseKeyType":1,"closed":-1,"used":1683691126262,"created":1683691126262,"remoteIdentityKey":"Bf8xCFGNu5N6pJEaiwgrNJ8aLzwITvnXrvcIHV/AHCEo"},"_chains":{"BdoKRJSmPuhJwWiB0mUfBpnnr30pLev6/tV+FWWgJTBY":{"chainKey":{"counter":0,"key":"qqPxhw0XueHagW2BQgrndd4r7KSw8P9AHNw9USwL7Ng="},"chainType":1,"messageKeys":{}}},"pendingPreKey":{"signedKeyId":0,"baseKey":"BcabLqy7HA3tzKSUt44p1WkfBDDMVx4VdxyvPLt9W8Ed","preKeyId":7563545}}},"version":"v1"}