{"_sessions":{"BRZUa42DfbTPZhRmVsldQEjrXoxpw+Kc4aQfGKk5bMhh":{"registrationId":1829186654,"currentRatchet":{"ephemeralKeyPair":{"pubKey":"BdWMKkOrmoulQSwpHvbJGJor06LtqUvyjE5sllYaKc9L","privKey":"OIxL1B223YSoylM8L6KxJVxafxjBlglGEguiyP+xXmA="},"lastRemoteEphemeralKey":"Bbiyg6KV2Mn1GiCiPWsSO8bnFv36IPWQHmLBGKQH6D1l","previousCounter":0,"rootKey":"4rchFrld8b8oN143TRoLLrjVAy8bu4FEyKk2N1T3jdg="},"indexInfo":{"baseKey":"BRZUa42DfbTPZhRmVsldQEjrXoxpw+Kc4aQfGKk5bMhh","baseKeyType":1,"closed":-1,"used":1683691126256,"created":1683691126256,"remoteIdentityKey":"Be3HoL6/P4vXyc7Gq9a3ciUj7nmB1WUoNjby6CALnnM/"},"_chains":{"BdWMKkOrmoulQSwpHvbJGJor06LtqUvyjE5sllYaKc9L":{"chainKey":{"counter":0,"key":"T/dntb1eQCHfd3CqNiMrd9Xuuw43bZbvawMn1tgMjTQ="},"chainType":1,"messageKeys":{}}},"pendingPreKey":{"signedKeyId":3,"baseKey":"BRZUa42DfbTPZhRmVsldQEjrXoxpw+Kc4aQfGKk5bMhh","preKeyId":14851680}}},"version":"v1"}