{"_sessions":{"BSonib2wm1LuyGEIpUm8n0wxFYCjs/6Am4c0FUnMHkYw":{"registrationId":1439323028,"currentRatchet":{"ephemeralKeyPair":{"pubKey":"BbwHXPxJtvWvjEx0gxB2x+UNGXCS8TLqkVXvyXY0IJQy","privKey":"IG+Go2FLljWi1zrOA3KqQHeJesR82211wJUKMU5uYHI="},"lastRemoteEphemeralKey":"BXkK/OnK8naXYc8mt56COHgZ3/VRyMik1zsJqk7zi2cd","previousCounter":0,"rootKey":"N2EUOGvbkOcQE3A137EgGzDvJZLfebsrfjgZqm7yQPU="},"indexInfo":{"baseKey":"BSonib2wm1LuyGEIpUm8n0wxFYCjs/6Am4c0FUnMHkYw","baseKeyType":1,"closed":-1,"used":1683691126770,"created":1683691126770,"remoteIdentityKey":"BVu7OJizcDlOnIG6vJRsROnD7GjMeQD6OVUu1JGoC5tX"},"_chains":{"BbwHXPxJtvWvjEx0gxB2x+UNGXCS8TLqkVXvyXY0IJQy":{"chainKey":{"counter":0,"key":"8Xug7AW4YuwOo3vDMfkUhHnPCbLvk8AWMawvftxY3Og="},"chainType":1,"messageKeys":{}}},"pendingPreKey":{"signedKeyId":9,"baseKey":"BSonib2wm1LuyGEIpUm8n0wxFYCjs/6Am4c0FUnMHkYw","preKeyId":6993267}}},"version":"v1"}