{"_sessions":{"BfsnayxMQV1qcKrZL+OHPqkBfnsxeJANMeK8wOYZYQQw":{"registrationId":715534444,"currentRatchet":{"ephemeralKeyPair":{"pubKey":"BaHc9IL9hwGJm4Bh/tlNI/DFAW4M3BuLrmDSBmpf3nwc","privKey":"QIU3H19+Enx9mw9198ME0MOxql///rl2cqD3hrEFlnQ="},"lastRemoteEphemeralKey":"BZLwizRZPeflKsjIyJviv+0BrkovjSi36GOHJpLh4K18","previousCounter":0,"rootKey":"5mfip5EpdCWdHm3AHkyRGWsHIIZqq8Fr5NJGhYhOYts="},"indexInfo":{"baseKey":"BfsnayxMQV1qcKrZL+OHPqkBfnsxeJANMeK8wOYZYQQw","baseKeyType":1,"closed":-1,"used":1683691126617,"created":1683691126617,"remoteIdentityKey":"BX62Gh/2vpIW7HCoyAJ+qhoBvHWKgmVrlwie1Aee5FAm"},"_chains":{"BaHc9IL9hwGJm4Bh/tlNI/DFAW4M3BuLrmDSBmpf3nwc":{"chainKey":{"counter":0,"key":"YwbTZMOoemhlpbi7EjkPYje1GDK86tvSCyE601lBrqQ="},"chainType":1,"messageKeys":{}}},"pendingPreKey":{"signedKeyId":1,"baseKey":"BfsnayxMQV1qcKrZL+OHPqkBfnsxeJANMeK8wOYZYQQw","preKeyId":187474}}},"version":"v1"}