{"_sessions":{"Bd2CCxxB3kQvMfCGRyQSV2ywKKUcglgz7oYoB2kT3hFS":{"registrationId":1240820014,"currentRatchet":{"ephemeralKeyPair":{"pubKey":"BdUu2nweQRvbemNfzZ4sqLl1GpmDc8W17OTL6GHEYqpO","privKey":"iGQBi9qkMrM56SkFrRa6IGpl5Lnyr1R/6FwAUKqHQGc="},"lastRemoteEphemeralKey":"BSsrb7pPYdXRZHE+PPbFm16aMjLJBy5I+OMGogvX5mQf","previousCounter":0,"rootKey":"Gq8272Bo4FAjEHHpEC1///sol/cMqQXNcG4Hmj+Hijw="},"indexInfo":{"baseKey":"Bd2CCxxB3kQvMfCGRyQSV2ywKKUcglgz7oYoB2kT3hFS","baseKeyType":1,"closed":-1,"used":1683691126649,"created":1683691126649,"remoteIdentityKey":"BfdWBCV4tw4yBiB7rFB1xMaSQFh1+ZhrtXk2wjLN5aFf"},"_chains":{"BdUu2nweQRvbemNfzZ4sqLl1GpmDc8W17OTL6GHEYqpO":{"chainKey":{"counter":0,"key":"5N/wKank+ksgeQa1l6dSGBcKkMJqrcRbXU3qlZAwjks="},"chainType":1,"messageKeys":{}}},"pendingPreKey":{"signedKeyId":0,"baseKey":"Bd2CCxxB3kQvMfCGRyQSV2ywKKUcglgz7oYoB2kT3hFS","preKeyId":2687615}}},"version":"v1"}