{"_sessions":{"Bc+3fU5ihNvsisMN5RkOSESe/4T2q1/3MhPd6TRJ8SQ4":{"registrationId":2024287962,"currentRatchet":{"ephemeralKeyPair":{"pubKey":"BUyWAL4egtNcTz378cuqnY6UrQogUa76UfhwIS6xDb5d","privKey":"OL5/XmY+ryns0IQG214wxdENyamOXgUQEd7CFKM4C10="},"lastRemoteEphemeralKey":"BeIwc7kGebbHZhJwUSSjSpj16FGh1MnqZzMy28y7Wlwc","previousCounter":0,"rootKey":"OJTYaOx5t8xOE5hIot8gW5XVB8NVSSAe2ATCjFXIf1U="},"indexInfo":{"baseKey":"Bc+3fU5ihNvsisMN5RkOSESe/4T2q1/3MhPd6TRJ8SQ4","baseKeyType":1,"closed":-1,"used":1683691125944,"created":1683691125944,"remoteIdentityKey":"Bbe3ZEEVVntyKIwgIKcxy5K4+66H9WwC0CGRDO6naRA6"},"_chains":{"BUyWAL4egtNcTz378cuqnY6UrQogUa76UfhwIS6xDb5d":{"chainKey":{"counter":0,"key":"QLm8Q1YXGuddRCgCy9t44hU2NULInAMgzAMJR7j5UO4="},"chainType":1,"messageKeys":{}}},"pendingPreKey":{"signedKeyId":1,"baseKey":"Bc+3fU5ihNvsisMN5RkOSESe/4T2q1/3MhPd6TRJ8SQ4","preKeyId":10002330}}},"version":"v1"}