{"_sessions":{"BZ5eqgVPFe0mHn0QBP4YhIscJHD2OJRhEni3JhT3GxQe":{"registrationId":778633304,"currentRatchet":{"ephemeralKeyPair":{"pubKey":"BU0q5z+k5K4bQ1BvtSujNd8JzEWAbC+52tEP9cY7yAYe","privKey":"aMflQ+FjWzpeYeio4cpXvWzvN+bum/z8Oxh3HcNZPX4="},"lastRemoteEphemeralKey":"Be1Cr2Fab49uoh3xBZ8AUKdkY0MBh3xBgDGllyQ/C3Bw","previousCounter":0,"rootKey":"7gcIZFERdJxN/0gJHhap0Ue3qqyxAmhxIBW8/AQjZQs="},"indexInfo":{"baseKey":"BZ5eqgVPFe0mHn0QBP4YhIscJHD2OJRhEni3JhT3GxQe","baseKeyType":1,"closed":-1,"used":1683691126404,"created":1683691126404,"remoteIdentityKey":"BZO+rOQSFWYArgtE9h+ZQ4xHPy7O0QxGMwhLfPckUgQg"},"_chains":{"BU0q5z+k5K4bQ1BvtSujNd8JzEWAbC+52tEP9cY7yAYe":{"chainKey":{"counter":0,"key":"ZurHF1FCpuJAXQlgM9lLsDe0d2UtZi10/RWsEnOzO1o="},"chainType":1,"messageKeys":{}}},"pendingPreKey":{"signedKeyId":12,"baseKey":"BZ5eqgVPFe0mHn0QBP4YhIscJHD2OJRhEni3JhT3GxQe","preKeyId":4922061}}},"version":"v1"}