{"_sessions":{"BVn9uQGoD7YdYYFCeiRjoUL/aYr8YpjLI/dSofqfOxd/":{"registrationId":1995368021,"currentRatchet":{"ephemeralKeyPair":{"pubKey":"BT3K56UWiBEiLxc85GAobLEtyTjrJLOufvGvpyOxYfwq","privKey":"mIqDN0xYAsqo3L9c5cnw8RSERacqqoHIXnOBWVMozHA="},"lastRemoteEphemeralKey":"BXt4ks0ouog/AoW5omiG6znwz0qEI3dA8hwpEt6pMENH","previousCounter":0,"rootKey":"9Pa0Ilc3hmGPqaff1dXXxauJ+gjaEUzO7XFtkFhkHIY="},"indexInfo":{"baseKey":"BVn9uQGoD7YdYYFCeiRjoUL/aYr8YpjLI/dSofqfOxd/","baseKeyType":1,"closed":-1,"used":1683691126605,"created":1683691126605,"remoteIdentityKey":"BcP08Obml3ibHIMrDC5IqQbo15jWhOOhpmrNN4IZAokS"},"_chains":{"BT3K56UWiBEiLxc85GAobLEtyTjrJLOufvGvpyOxYfwq":{"chainKey":{"counter":0,"key":"F+dZVF46G6UkfiKkEmKA5DtkrtWjdJJa9VXhABb0yjQ="},"chainType":1,"messageKeys":{}}},"pendingPreKey":{"signedKeyId":1,"baseKey":"BVn9uQGoD7YdYYFCeiRjoUL/aYr8YpjLI/dSofqfOxd/","preKeyId":4262795}}},"version":"v1"}