{"_sessions":{"Bb4+wcxj7UMiZdPkyFjMNwc7uQidnsZV1LNx4iLOSbQF":{"registrationId":2119422522,"currentRatchet":{"ephemeralKeyPair":{"pubKey":"BcYO87f2ycUxoRtyhoSEnoLXCGmpSBr00z9uok02Go8C","privKey":"EOJNbAt4WZwY3Zp2VllAXmZM09Ls5/3IZnOgiuZfi2Q="},"lastRemoteEphemeralKey":"BRRcjboUI50pAnsFv6N75/GgqGmo/ntMmaof4KBeRJYf","previousCounter":0,"rootKey":"LL/C7+upJuL56AL5He796AIqVdBADc0KFQZaOu7jbpM="},"indexInfo":{"baseKey":"Bb4+wcxj7UMiZdPkyFjMNwc7uQidnsZV1LNx4iLOSbQF","baseKeyType":1,"closed":-1,"used":1683691126313,"created":1683691126313,"remoteIdentityKey":"Bb0ASM6swpRx9xqnkIShtqMSCpopxshDOkP2Ccs/mSRg"},"_chains":{"BcYO87f2ycUxoRtyhoSEnoLXCGmpSBr00z9uok02Go8C":{"chainKey":{"counter":0,"key":"h2e/Ui2YT7dHEXV64yhc+/l0R0BT2XjunagwC2kbLrA="},"chainType":1,"messageKeys":{}}},"pendingPreKey":{"signedKeyId":27,"baseKey":"Bb4+wcxj7UMiZdPkyFjMNwc7uQidnsZV1LNx4iLOSbQF","preKeyId":1568784}}},"version":"v1"}