{"_sessions":{"BRwv//F8ywTyN7y98pGI7qXMOvk4NvyX2hGDR1tPcgw8":{"registrationId":1283610716,"currentRatchet":{"ephemeralKeyPair":{"pubKey":"BaAP1k9TjompTqf6O3vvhpaNRRYBumXY0eUw6uYxMzhh","privKey":"eAOfjGzItn7EhpvDIxeUXAJQGeFMXR8rWpK9529ZmUI="},"lastRemoteEphemeralKey":"BYf6a+sfTrqSBtgF6H3vGHAWKHHnQoo+7ccW/+frIzFp","previousCounter":0,"rootKey":"rGOAjiI6wd5Hv7uNsusoOXab13Fi0yqw1Yv25DcdmN8="},"indexInfo":{"baseKey":"BRwv//F8ywTyN7y98pGI7qXMOvk4NvyX2hGDR1tPcgw8","baseKeyType":2,"closed":-1,"used":1683692014877,"created":1683690825818,"remoteIdentityKey":"BbsKobtMczKbqEF/3v0tWeKKBCQRoO+W7humf7g6HbtV"},"_chains":{"BfAka0sgvKTuPPv8E+WraBhnRg/XVLq4xHzRy6DxIlJP":{"chainKey":{"counter":0},"chainType":2,"messageKeys":{}},"BQnImb+ooMy/nRuQzSjT6/vbmVD3XPQuVjl8W4RSq1RL":{"chainKey":{"counter":0},"chainType":2,"messageKeys":{}},"BceQXC9XBPTV8wjr/KOPhtIJBjgDMRwfUedok9hLenUB":{"chainKey":{"counter":1},"chainType":2,"messageKeys":{}},"BZE0rqAoftvbYCL+jJ9XDjMi5UMXPN1wtZc4qYqTapkF":{"chainKey":{"counter":0},"chainType":2,"messageKeys":{}},"BZ8/d/LTJ66rFULx+QP6YkuZT+RnD3NAli8X9S/s12t7":{"chainKey":{"counter":1},"chainType":2,"messageKeys":{}},"BZwvxYIsDTJXSgCWTTqJCzmdOou7RxOH1WE7mrnhfRUA":{"chainKey":{"counter":0},"chainType":2,"messageKeys":{}},"BRtsIovBGHHOMSAxAxkSBUMBdY2EH3gRixsyQh97XTZ2":{"chainKey":{"counter":0},"chainType":2,"messageKeys":{}},"BfYYFyF6vp7lkAfNyne7EQCkLNq8F/pMwGaMIdH69u9k":{"chainKey":{"counter":0},"chainType":2,"messageKeys":{}},"Bes8F1vtVxf+F2yah+2bVy8ydDrzW9WkkF7uPB7L6zsE":{"chainKey":{"counter":2},"chainType":2,"messageKeys":{}},"BQeymQU1ZEieFs6ia1JabTY9YmgXYG9qKeIWFAbf1wtE":{"chainKey":{"counter":1},"chainType":2,"messageKeys":{}},"BR7lOc0w1/a7uQbanqTesqp7fsqtFqJc3orGVeYSM1Aq":{"chainKey":{"counter":0},"chainType":2,"messageKeys":{}},"BW+osvaQfn2Ns575ixksfyQQmfjueKPFm22xusLllI0z":{"chainKey":{"counter":0},"chainType":2,"messageKeys":{}},"Bd4KxlwGjPkJNSolb11nmnMMQg65EqKAspkX946Voj8r":{"chainKey":{"counter":0},"chainType":2,"messageKeys":{}},"BTzgv+R/yooYtZg8EkCKPvOdLKbGwHn5ZO9nCmdtp+Q8":{"chainKey":{"counter":0},"chainType":2,"messageKeys":{}},"BaqnIISG8nDxJ+io47ny/INMm4m7VNVe10ow/7LPz75j":{"chainKey":{"counter":0},"chainType":2,"messageKeys":{}},"BaXWo0xt7Cai8flXrwnwZRX4jhZv0AayGPw2emwHQooD":{"chainKey":{"counter":0},"chainType":2,"messageKeys":{}},"BYf6a+sfTrqSBtgF6H3vGHAWKHHnQoo+7ccW/+frIzFp":{"chainKey":{"counter":0,"key":"v6oZ6mPpWN3x6gSR4/MLaXs/Ff4Wb3Fbi1gN+cW8ZP4="},"chainType":2,"messageKeys":{}},"BaAP1k9TjompTqf6O3vvhpaNRRYBumXY0eUw6uYxMzhh":{"chainKey":{"counter":0,"key":"mnU6h06PawGMHAUoq7wFBArlqGrewnjeb8SWuGmYO8M="},"chainType":1,"messageKeys":{}}}}},"version":"v1"}