{"_sessions":{"BUbBqL2NiRPFI9b3nZZy2eiacMuECP52H5QttjmTQp4O":{"registrationId":1221543796,"currentRatchet":{"ephemeralKeyPair":{"pubKey":"BRign9xQ1ykYqb0FwTpQoTeKNi2FsH0A5AU74b3uFwof","privKey":"CHBLjtz6wnAt1xdmhKx4WltGcOvjFr12KXTD+kzXJUg="},"lastRemoteEphemeralKey":"Be+bH6IAIvqNkeu8zN4Maes450Jq4tl0HhDnVy/LTsl0","previousCounter":0,"rootKey":"nymdL8fUjoGHMWXfFO7ztsSIEc0D3HObRn6fRW7Wc4Y="},"indexInfo":{"baseKey":"BUbBqL2NiRPFI9b3nZZy2eiacMuECP52H5QttjmTQp4O","baseKeyType":1,"closed":-1,"used":1683691126182,"created":1683691126182,"remoteIdentityKey":"Bdlu1J4pxuKuY2M+FqlsR+KepyMjJt03ToKBt/k1i/so"},"_chains":{"BRign9xQ1ykYqb0FwTpQoTeKNi2FsH0A5AU74b3uFwof":{"chainKey":{"counter":0,"key":"dN6NEzZzN2XADhSWcSqg9X8Qy9pX3XxVJ317AuMp37U="},"chainType":1,"messageKeys":{}}},"pendingPreKey":{"signedKeyId":0,"baseKey":"BUbBqL2NiRPFI9b3nZZy2eiacMuECP52H5QttjmTQp4O","preKeyId":16043751}}},"version":"v1"}