{"_sessions":{"BdTPSGgex/xMX9ETtNuCqg0/n1RyR+8WMT4fm/PAIW9k":{"registrationId":352353657,"currentRatchet":{"ephemeralKeyPair":{"pubKey":"BQcXk87yHofXrLatU1JhD9nmZDW4XmSUGAvdLhw9anYa","privKey":"6AamHkK+cRWndinFgj88j3bZbjMa8lpy2XZ9wnII7HI="},"lastRemoteEphemeralKey":"BcGJ2ckl5iaqvUi3SlAcBv5IvG9cgEcHVojWEMXho6dD","previousCounter":0,"rootKey":"It6F2anjvN69yWfI1vD9vhtRqsTCB4KGuTJLespZXyY="},"indexInfo":{"baseKey":"BdTPSGgex/xMX9ETtNuCqg0/n1RyR+8WMT4fm/PAIW9k","baseKeyType":1,"closed":-1,"used":1683691126483,"created":1683691126483,"remoteIdentityKey":"BWXpPAhfgAUGHM2uXb8vaCDkwuadfxsMOn+WitQ6Vu9R"},"_chains":{"BQcXk87yHofXrLatU1JhD9nmZDW4XmSUGAvdLhw9anYa":{"chainKey":{"counter":0,"key":"bu9QcXNv0q6x/Fd5HBZErVl0DDX2oZ0+yTG7mtfgrXk="},"chainType":1,"messageKeys":{}}},"pendingPreKey":{"signedKeyId":5,"baseKey":"BdTPSGgex/xMX9ETtNuCqg0/n1RyR+8WMT4fm/PAIW9k","preKeyId":14378476}}},"version":"v1"}