{"_sessions":{"Bbjwyb4fLx2AQ+5MmPTTaXhSPD+vWUkhFE5GVj8HPJQv":{"registrationId":598483370,"currentRatchet":{"ephemeralKeyPair":{"pubKey":"BUGo1TUOqH6ugd5kuU8Zb1UFuN+HBDnyy5NSAFfCt8Qp","privKey":"6FIVQCL741pdDQWnJP8suijEMUk+yzqi4QR1ApO7n1E="},"lastRemoteEphemeralKey":"BfYUHKL57kEKyUPnQ6H1rjt8ltnDR0SJLCbStYHWzHR+","previousCounter":0,"rootKey":"RWodop4HWZ2+IiAqpxtyzn1BRoJo0yMWLEFmoWStMu0="},"indexInfo":{"baseKey":"Bbjwyb4fLx2AQ+5MmPTTaXhSPD+vWUkhFE5GVj8HPJQv","baseKeyType":1,"closed":-1,"used":1683691126105,"created":1683691126105,"remoteIdentityKey":"BTPW9T4zeUrr6kuyoOfcKX8FbW+BVjFLq1FAbOzFtKZF"},"_chains":{"BUGo1TUOqH6ugd5kuU8Zb1UFuN+HBDnyy5NSAFfCt8Qp":{"chainKey":{"counter":0,"key":"2E+xmlaO965owKNR0EhdHmfuZ4b8mbcnIP90DCw9/8U="},"chainType":1,"messageKeys":{}}},"pendingPreKey":{"signedKeyId":2,"baseKey":"Bbjwyb4fLx2AQ+5MmPTTaXhSPD+vWUkhFE5GVj8HPJQv","preKeyId":13644903}}},"version":"v1"}