{"_sessions":{"BSS6nYoOmOj+Ak5qGNTVyqtXzJhFkskPMbG8BulUieRJ":{"registrationId":335654838,"currentRatchet":{"ephemeralKeyPair":{"pubKey":"BXYRYoZP0Jzom9natxh5MHy8dwJlFMZs/GnWmJHFpeIu","privKey":"8JwcUO0Pzftuv9jNxQDdrL7b6+h49ig1T1fCeUgs/2o="},"lastRemoteEphemeralKey":"Bcjnlv4F2rMWFnNH0CrxzYcG+8I5QaLCETCRucAs+s1P","previousCounter":0,"rootKey":"0YFgHvr7S81k1esbHQMYP9rNFxuW56zXg9/sT2HhGds="},"indexInfo":{"baseKey":"BSS6nYoOmOj+Ak5qGNTVyqtXzJhFkskPMbG8BulUieRJ","baseKeyType":1,"closed":-1,"used":1683691126159,"created":1683691126159,"remoteIdentityKey":"BZmj39rC6wturkS7Z1NjYY8viHqYY/GLDBf1UhQFSGlI"},"_chains":{"BXYRYoZP0Jzom9natxh5MHy8dwJlFMZs/GnWmJHFpeIu":{"chainKey":{"counter":0,"key":"7bvvad7y1c93o16wgLTyD0g3jXnUUiT/sY6VkXCtMEU="},"chainType":1,"messageKeys":{}}},"pendingPreKey":{"signedKeyId":7,"baseKey":"BSS6nYoOmOj+Ak5qGNTVyqtXzJhFkskPMbG8BulUieRJ"}}},"version":"v1"}