{"_sessions":{"BfaLvmyrhMSDMyPLvuX8yOmdLm2CD5TnrP1O8Rccb/YX":{"registrationId":772820065,"currentRatchet":{"ephemeralKeyPair":{"pubKey":"BWfkvCIhYXT9dcBZznFHl63B4GX9OL923QTf+bTT5C1O","privKey":"6JPVrWy5WtaolERhFOgdsxuT0zI1tAkzivwNEHHJbVY="},"lastRemoteEphemeralKey":"Bd3mUnsgOwdko/CyiiUN/HJaYLYrwbMPflxb1Kw2eG1q","previousCounter":0,"rootKey":"7V4KT8N/6EZubHi2alzz/riQhMpieTdiP6/Hxnzi1dU="},"indexInfo":{"baseKey":"BfaLvmyrhMSDMyPLvuX8yOmdLm2CD5TnrP1O8Rccb/YX","baseKeyType":1,"closed":-1,"used":1683691126890,"created":1683691126890,"remoteIdentityKey":"BfpPXQpA34yFRPxDCbwWn8gbzZt+eo6d4s96IF/cchoH"},"_chains":{"BWfkvCIhYXT9dcBZznFHl63B4GX9OL923QTf+bTT5C1O":{"chainKey":{"counter":0,"key":"YzJ4A36xcODRf3l1WT5QK6k4MMWwsCmVR2PnRTK2ajI="},"chainType":1,"messageKeys":{}}},"pendingPreKey":{"signedKeyId":4,"baseKey":"BfaLvmyrhMSDMyPLvuX8yOmdLm2CD5TnrP1O8Rccb/YX","preKeyId":4830930}}},"version":"v1"}