{"_sessions":{"BX75zKjYyTo7GTKnM/2gOvf1fxQYzOE5gqSvqT0BLP9S":{"registrationId":173855502,"currentRatchet":{"ephemeralKeyPair":{"pubKey":"Bf+yHbu6YRLECZsbQcC23ebzMFj7+yx3u07kGO/NSYAT","privKey":"qGr98THn4cGPEYI7SgrvjJRuBX6w6E1/+ZYqkBf2cHw="},"lastRemoteEphemeralKey":"BZLZOkSVyfYL8HnV6DmKuG30kGCBUbI/brLMummJ1+tj","previousCounter":0,"rootKey":"Anvjr7URKiuDGxbgmJ30B/r6cx465q7arh+43LLaoQY="},"indexInfo":{"baseKey":"BX75zKjYyTo7GTKnM/2gOvf1fxQYzOE5gqSvqT0BLP9S","baseKeyType":1,"closed":-1,"used":1683691125919,"created":1683691125919,"remoteIdentityKey":"BblylOIgr2z//ABVq2Kn72LY0tSeux3/3drFZVG+Ql5d"},"_chains":{"Bf+yHbu6YRLECZsbQcC23ebzMFj7+yx3u07kGO/NSYAT":{"chainKey":{"counter":0,"key":"BrezA4DZLSYWL1PuHNdrQDZOf59IT3lmuM027pGVrYU="},"chainType":1,"messageKeys":{}}},"pendingPreKey":{"signedKeyId":3,"baseKey":"BX75zKjYyTo7GTKnM/2gOvf1fxQYzOE5gqSvqT0BLP9S","preKeyId":12313443}}},"version":"v1"}