{"_sessions":{"BTdAG/pUd1MVkY/SDgOy93YxGXO2VKhobVGPk+X13t8B":{"registrationId":389230964,"currentRatchet":{"ephemeralKeyPair":{"pubKey":"BSy8A+qPUN7sb1RHKnccguMo+DmzmLcOMM/aus0xTDpc","privKey":"0B5sxmnsCLZRiUi0qG/wD01vqTmmaeaRyWa5UJxlV30="},"lastRemoteEphemeralKey":"BR6tAcpJPjUTAkUKzN9X2T/BLxaFoQUpR8W+yXxhk7hX","previousCounter":0,"rootKey":"jHNNzTel8N8rft6qnj/73WjGRtuAu3RUg7EUJYOpBJo="},"indexInfo":{"baseKey":"BTdAG/pUd1MVkY/SDgOy93YxGXO2VKhobVGPk+X13t8B","baseKeyType":1,"closed":-1,"used":1683691126085,"created":1683691126085,"remoteIdentityKey":"BdRUyF1QiSAtL2pzmjUcDQE3EBif6KpwhFQox06IAXE+"},"_chains":{"BSy8A+qPUN7sb1RHKnccguMo+DmzmLcOMM/aus0xTDpc":{"chainKey":{"counter":0,"key":"e7T9d2gx42bVksG9A+OZ2+qq+4ACO/TPF0fa+ahaMrk="},"chainType":1,"messageKeys":{}}},"pendingPreKey":{"signedKeyId":14,"baseKey":"BTdAG/pUd1MVkY/SDgOy93YxGXO2VKhobVGPk+X13t8B","preKeyId":13428702}}},"version":"v1"}