{"_sessions":{"Bbg7Hb89w/mAIoN6K+nRRnxC6al+3cKZjWk3yFYvPVcW":{"registrationId":1114071757,"currentRatchet":{"ephemeralKeyPair":{"pubKey":"BUO78INTylWaR0O5HhpbHuT3N+mqkZgwei5PaRu18AIy","privKey":"gPl/L27E7zYObrcr6QkCGPEsa5yuXn4M056nyXfyN0M="},"lastRemoteEphemeralKey":"BQwswiKDA2pIi9EXjXKpIIWpVxBUx0ecTVIWNaYPKlJo","previousCounter":0,"rootKey":"KMNoOlH5Fc02yIA3o0jtMRv40RsSDPjfRPKwW696bEk="},"indexInfo":{"baseKey":"Bbg7Hb89w/mAIoN6K+nRRnxC6al+3cKZjWk3yFYvPVcW","baseKeyType":1,"closed":-1,"used":1683691125819,"created":1683691125819,"remoteIdentityKey":"BTInP6vrTnPtxHwRiUepxIEJmSUe9ok5sGEuiHwxeCtC"},"_chains":{"BUO78INTylWaR0O5HhpbHuT3N+mqkZgwei5PaRu18AIy":{"chainKey":{"counter":0,"key":"1Hy98V9P7dH8QdKTn1JO8mBHdjZu7GlmA8EBUiwDMuE="},"chainType":1,"messageKeys":{}}},"pendingPreKey":{"signedKeyId":4035813,"baseKey":"Bbg7Hb89w/mAIoN6K+nRRnxC6al+3cKZjWk3yFYvPVcW","preKeyId":8648}}},"version":"v1"}