{"_sessions":{"BcKbAPe4/dSe2u+biUhVPxy8NSqyAd8m03Yb540xL1Zd":{"registrationId":1334913199,"currentRatchet":{"ephemeralKeyPair":{"pubKey":"BahtXujanFwc2t22kjza2azvoGndjrwFY4T3MT2yiT8J","privKey":"EFHDMhp/3dJbimT5q2xVcY7lNog0R2CiwM+K9i+2Bkk="},"lastRemoteEphemeralKey":"Bb4+Ck45dDO0V01ugmB9RH/PSdhXer7LFooVv0Lgapx0","previousCounter":0,"rootKey":"Zn3z03sPuavuE0cwmH992iZv/JWP+WX7dSDNtJEfZtY="},"indexInfo":{"baseKey":"BcKbAPe4/dSe2u+biUhVPxy8NSqyAd8m03Yb540xL1Zd","baseKeyType":2,"closed":-1,"used":1683250291727,"created":1683249557822,"remoteIdentityKey":"BbZbHZTCNoIuCgg+m1sZBPZpYP/xA9YXeRS+n7CX0LQa"},"_chains":{"BZZp9Ke+G69UL1OcLk2yfP4iYv71/FgBZZhaT5NrEIQC":{"chainKey":{"counter":0},"chainType":2,"messageKeys":{}},"BSSze63OMQTLbZ1xBCvXOl5DOPlQ0DhDgnuIerbUJLYg":{"chainKey":{"counter":0},"chainType":2,"messageKeys":{}},"BeW1Gg/UPt2aN7JkhpQS7LIv0qvH8uWdV8/Zn5yYHJca":{"chainKey":{"counter":0},"chainType":2,"messageKeys":{}},"Bfm6qYUqB2JhaAE2x98WVmsXOTEuhhnBjjjV4mBhxTB6":{"chainKey":{"counter":0},"chainType":2,"messageKeys":{}},"BeOFqPnxOZEHtK05F7GtJu8lsi0KWNTRU1FGR1GVjjZh":{"chainKey":{"counter":0},"chainType":2,"messageKeys":{}},"BaVDM7M45p13E3BR3XsLmv1Qcuz7jqGWFpHE1Div8QAC":{"chainKey":{"counter":0},"chainType":2,"messageKeys":{}},"Bdn14m9PA0p/jvXfvsUh3G4moIhGv9AnNOpHTK2s7Pgg":{"chainKey":{"counter":1},"chainType":2,"messageKeys":{}},"BYRsJSwSxBeSMXL1S3qWoFE0FFsY+D0y/hLZsLpq69RM":{"chainKey":{"counter":0},"chainType":2,"messageKeys":{}},"BRJjl4bguNHXA/HZ0paGj/scyWnypzuNyXKeP4j37uI1":{"chainKey":{"counter":0},"chainType":2,"messageKeys":{}},"BWm9RkMB9SJ8Gwn2jKQKKz8q5xmAE4o7w1F9+YbORmAw":{"chainKey":{"counter":0},"chainType":2,"messageKeys":{}},"BT2JxaVcr6AwFNzGebSoASyiHluaLaeO2JlbunFV6X4u":{"chainKey":{"counter":0},"chainType":2,"messageKeys":{}},"Bby70fhdiGWhCFBOnm/CE7A83KrLohRYLF0SvpStWyo9":{"chainKey":{"counter":1},"chainType":2,"messageKeys":{}},"BaroKYR2sndbt/LS8DfxFFdmsYSfIs+3eDSmMqd0X1Z+":{"chainKey":{"counter":0},"chainType":2,"messageKeys":{}},"Bb4+Ck45dDO0V01ugmB9RH/PSdhXer7LFooVv0Lgapx0":{"chainKey":{"counter":0,"key":"zupUxD5Kdp2toXmMu2aB7rVLHYqALCv5QR1YMln1vRg="},"chainType":2,"messageKeys":{}},"BahtXujanFwc2t22kjza2azvoGndjrwFY4T3MT2yiT8J":{"chainKey":{"counter":-1,"key":"o5dADDSph4JHrtg7bwFVeDBuMTD3LDU1mQR6y1O9hDw="},"chainType":1,"messageKeys":{}}}}},"version":"v1"}