{"_sessions":{"BaA5WVlf90ysRxULk8LSvrr7LwhYcWUCN93NIuth9KIi":{"registrationId":4944,"currentRatchet":{"ephemeralKeyPair":{"pubKey":"BXJUh3aigVNS05PkcUy91bToVcCay0gw1Kwn5RCEumkr","privKey":"6OrdyUaQLbS6IE/fedKZ4sfbx9AUEGVDVCqYGbnVGGo="},"lastRemoteEphemeralKey":"BYGKj8srd2Gdr8Q0jb8cVDrxpND4+MzUn9EoVIIP5bVd","previousCounter":0,"rootKey":"hRfvIhvUzlnxHagNYhpAc1znM7STAFxZ6lrr3bMNTq0="},"indexInfo":{"baseKey":"BaA5WVlf90ysRxULk8LSvrr7LwhYcWUCN93NIuth9KIi","baseKeyType":1,"closed":-1,"used":1683691125592,"created":1683691125592,"remoteIdentityKey":"BVQGRRkVCg1bcNrxhjqfuOoQ7YrEV2ueRcSqvd8r1+ly"},"_chains":{"BXJUh3aigVNS05PkcUy91bToVcCay0gw1Kwn5RCEumkr":{"chainKey":{"counter":0,"key":"Ak4HsIpzknrde+gE+vpcOUIZISe3Laa+envbIZxIN6I="},"chainType":1,"messageKeys":{}}},"pendingPreKey":{"signedKeyId":1,"baseKey":"BaA5WVlf90ysRxULk8LSvrr7LwhYcWUCN93NIuth9KIi"}}},"version":"v1"}