{"_sessions":{"BXT5/ZAHEZkxeOovShWTSoCWXKzHEQE6DYNeVBTJR4wW":{"registrationId":1643874622,"currentRatchet":{"ephemeralKeyPair":{"pubKey":"BYfXyMAWfh+pOss9sEQDZlPlldjvxFU4O/s4cwLLaRUc","privKey":"oGQkSv4YY1G3yNkFVL4fudFMNPISTHPopY6mOYKHw34="},"lastRemoteEphemeralKey":"BUtwtLDgXTVjqgrxZSJkr4yODOHWAoyY5cHq3VesyAJZ","previousCounter":0,"rootKey":"prczsEt4NPPJLu8caYMrCQOmf9R6b4WcMPTv2wu1OyU="},"indexInfo":{"baseKey":"BXT5/ZAHEZkxeOovShWTSoCWXKzHEQE6DYNeVBTJR4wW","baseKeyType":1,"closed":-1,"used":1683691126411,"created":1683691126411,"remoteIdentityKey":"Bd+qvhsixD9Zeh+8bar+XsgD9Q5jhQYGuJF5Z5BGQ3lc"},"_chains":{"BYfXyMAWfh+pOss9sEQDZlPlldjvxFU4O/s4cwLLaRUc":{"chainKey":{"counter":0,"key":"4/oBfVWBQcL8w+7438Fj0tozY1xH0SR1u2NyugQs4x8="},"chainType":1,"messageKeys":{}}},"pendingPreKey":{"signedKeyId":9,"baseKey":"BXT5/ZAHEZkxeOovShWTSoCWXKzHEQE6DYNeVBTJR4wW","preKeyId":7981152}}},"version":"v1"}