{"_sessions":{"BUplzXK9B0CPeCD+z2NFVCA98w16tDU33a5+Ebyzu6k9":{"registrationId":1332656706,"currentRatchet":{"ephemeralKeyPair":{"pubKey":"BUBYCpP8+irPI+4s7ptG85MUIZbog93LS2bc6KhN9R8V","privKey":"0AbyCKqV0zHip61LI20/5pfLZNckhmy8VROeFxvPkm8="},"lastRemoteEphemeralKey":"BbjPS0WWc30p+f+ZFts4dD38oVVlV/rHFFaau8qRY4Br","previousCounter":0,"rootKey":"KJnMOxVBsG8KWrZWu5X5wnZDNidmvy7n4FJnxFl7ZHA="},"indexInfo":{"baseKey":"BUplzXK9B0CPeCD+z2NFVCA98w16tDU33a5+Ebyzu6k9","baseKeyType":1,"closed":-1,"used":1683691126763,"created":1683691126763,"remoteIdentityKey":"BRUaEOJ2MpXvQKFNA7MY61cg3GS68VjDQwfRqa5l8sUp"},"_chains":{"BUBYCpP8+irPI+4s7ptG85MUIZbog93LS2bc6KhN9R8V":{"chainKey":{"counter":0,"key":"wxK5hUv5CYWXk037CzzhmjdLpEVnNGoiyBVF0OCn0U0="},"chainType":1,"messageKeys":{}}},"pendingPreKey":{"signedKeyId":2,"baseKey":"BUplzXK9B0CPeCD+z2NFVCA98w16tDU33a5+Ebyzu6k9","preKeyId":809044}}},"version":"v1"}