{"_sessions":{"BWzaGZzPMtsupjDbNgaBRVXaHtzygFZLGn/GHygIsv4h":{"registrationId":960014678,"currentRatchet":{"ephemeralKeyPair":{"pubKey":"BXYkZ/CCgYUDY6A2w7X2Kyqe3/vv5LrOU5T5puwnDMAm","privKey":"sM54algINuh+MJtBTB2xHAgJNCrIWb+hS4HdHN8rXnI="},"lastRemoteEphemeralKey":"BciGFrXRSJSwgcX7LivVrY29nGCJnxPMZsW63xpciCoE","previousCounter":0,"rootKey":"D5+Cy5JkLe5XrjFUSjtYEUdJxUX/m/7yxHxheWDkAZQ="},"indexInfo":{"baseKey":"BWzaGZzPMtsupjDbNgaBRVXaHtzygFZLGn/GHygIsv4h","baseKeyType":1,"closed":-1,"used":1683691126932,"created":1683691126932,"remoteIdentityKey":"BZXTSA1ISHR1RYb9afMRN2vNNJbQVDblcEiM7sUntyA1"},"_chains":{"BXYkZ/CCgYUDY6A2w7X2Kyqe3/vv5LrOU5T5puwnDMAm":{"chainKey":{"counter":0,"key":"0Th30Wie9U+C6DbA11EPWLPM+OAhM5hXCcbBclpybZM="},"chainType":1,"messageKeys":{}}},"pendingPreKey":{"signedKeyId":21,"baseKey":"BWzaGZzPMtsupjDbNgaBRVXaHtzygFZLGn/GHygIsv4h","preKeyId":15315205}}},"version":"v1"}