{"_sessions":{"BeeXKp/nTES0Lb9OqErTHPKopb56Ogt0LqJTu0DRrY5+":{"registrationId":2050616110,"currentRatchet":{"ephemeralKeyPair":{"pubKey":"BUnelU6bgw4oqT2XuMODNKv/3k5M6s4oKtxvXLlr8xUw","privKey":"WGJT4C0Bav6hqaGXzCUirt2XX1OC4sCMXkiVdzfZ3lU="},"lastRemoteEphemeralKey":"BWqoNpvFUwhQdfiCmU38LlK+MmIvwA/MPkGq815iUFtW","previousCounter":0,"rootKey":"ZDpAhU6uxJdw1+/NfdOt4OFo2pLzfNxdT6T6NN68Hi8="},"indexInfo":{"baseKey":"BeeXKp/nTES0Lb9OqErTHPKopb56Ogt0LqJTu0DRrY5+","baseKeyType":2,"closed":-1,"used":1683249901022,"created":1683249889655,"remoteIdentityKey":"BWAVRRCDe96+XP14ZXGFmqtjE8NVgB1VaMvMfBgh72ls"},"_chains":{"BV/4PZtmL3Nevh27ycetOyNUs56FPagWngjgEXE5yUkM":{"chainKey":{"counter":0},"chainType":2,"messageKeys":{}},"BWqoNpvFUwhQdfiCmU38LlK+MmIvwA/MPkGq815iUFtW":{"chainKey":{"counter":0,"key":"aKtOjuA525h6i8dcwr8WMxalFyxZraZrPR+EqT/priU="},"chainType":2,"messageKeys":{}},"BUnelU6bgw4oqT2XuMODNKv/3k5M6s4oKtxvXLlr8xUw":{"chainKey":{"counter":-1,"key":"rwUPeNrdlerTaPLODqAmN4CdRUc2IKedwr2JB91tLdA="},"chainType":1,"messageKeys":{}}}}},"version":"v1"}