{"_sessions":{"BX12/KTTZf/JAUypTBHP8wyVtQoQiKZwgT5sXRoY9Idw":{"registrationId":606012696,"currentRatchet":{"ephemeralKeyPair":{"pubKey":"BdFUKJh4g0MMj9zjdvtp0kZ0t1LDxeLWxvV7KfuJ1TZN","privKey":"GGzt38gZe2Tb5vxO+zxpp3WtQanREtIgdcRjsfXWR18="},"lastRemoteEphemeralKey":"BfBXpyo9WHruKCzWbj7jCcuPO0XIFgzq67NpZmmx9Twv","previousCounter":0,"rootKey":"Uz2w8oFNJkhhqFZQH0XXXDhJ5kX0xJLF1u7Ga/+MS/c="},"indexInfo":{"baseKey":"BX12/KTTZf/JAUypTBHP8wyVtQoQiKZwgT5sXRoY9Idw","baseKeyType":1,"closed":-1,"used":1683691126329,"created":1683691126329,"remoteIdentityKey":"BfrvcCRfgaXQ3h0qLVDlanjTRSp6R/9RGeeXEuY1coZl"},"_chains":{"BdFUKJh4g0MMj9zjdvtp0kZ0t1LDxeLWxvV7KfuJ1TZN":{"chainKey":{"counter":0,"key":"sfLV12YzJjeravSN/+FYtIm7dF3GrzL/0eJNfRtKGRM="},"chainType":1,"messageKeys":{}}},"pendingPreKey":{"signedKeyId":0,"baseKey":"BX12/KTTZf/JAUypTBHP8wyVtQoQiKZwgT5sXRoY9Idw"}}},"version":"v1"}