{"_sessions":{"BcBqWpsJM8PVvpC5GSujNO9LSQlNOFGiOjUhLLosO7E5":{"registrationId":401039389,"currentRatchet":{"ephemeralKeyPair":{"pubKey":"Ba9CrsiJFr11vt3biD4PCTt5gdicCM/2v7VAqNaDbI80","privKey":"oDo1VpX935p3nSRX5lfRRZHpyLRp17Hfh8BI2Kno6Wo="},"lastRemoteEphemeralKey":"BSQIooIShYe2lfR2TbyWk1yvHiSkauBYg720cjZZO8ln","previousCounter":0,"rootKey":"KZc4dYunJGmfBDRWc3XNtCWtzDfJNrDWFAT9ECYHBTc="},"indexInfo":{"baseKey":"BcBqWpsJM8PVvpC5GSujNO9LSQlNOFGiOjUhLLosO7E5","baseKeyType":1,"closed":-1,"used":1683691126251,"created":1683691126251,"remoteIdentityKey":"Bd6CNrsEvWA7YCtcHCuSV/477vag4iJTspx1tdBq3Gd0"},"_chains":{"Ba9CrsiJFr11vt3biD4PCTt5gdicCM/2v7VAqNaDbI80":{"chainKey":{"counter":0,"key":"FIfZd+MuVYbO+4T7DHA8hkJmsykwRjYuIZcWsIA8z5A="},"chainType":1,"messageKeys":{}}},"pendingPreKey":{"signedKeyId":5,"baseKey":"BcBqWpsJM8PVvpC5GSujNO9LSQlNOFGiOjUhLLosO7E5","preKeyId":3349171}}},"version":"v1"}