{"_sessions":{"BXr6IksmfuLmjROH/zzJlgKjIsitzRiHdiIqBWoYqv1Q":{"registrationId":1321872448,"currentRatchet":{"ephemeralKeyPair":{"pubKey":"BccyIQp+NCKAPjg19LQXFoYA9zeQt5piQWKpmeWaLLVJ","privKey":"eLZ3khHtrNoSnjG3gIgbjZPlDpVCFCu9pdPE6Ky6UG8="},"lastRemoteEphemeralKey":"BSWGRWc5vpqLXchXYTQB5U+Gr+w0I+VFEw2IoSxyFSZs","previousCounter":0,"rootKey":"Zc1D8IbEjNv1C06VCnf3UT9ZI/sRx8gv8s8KRcCnk2k="},"indexInfo":{"baseKey":"BXr6IksmfuLmjROH/zzJlgKjIsitzRiHdiIqBWoYqv1Q","baseKeyType":1,"closed":-1,"used":1683691126432,"created":1683691126432,"remoteIdentityKey":"BW3Xa2oujwspd+2aTYdgCV9S7/eRRfd8mTUb6Kk/YNNP"},"_chains":{"BccyIQp+NCKAPjg19LQXFoYA9zeQt5piQWKpmeWaLLVJ":{"chainKey":{"counter":0,"key":"3EVysOzv6/62mUZCmQJ8O1TyHlXLkfwP9GlypkYx4N4="},"chainType":1,"messageKeys":{}}},"pendingPreKey":{"signedKeyId":0,"baseKey":"BXr6IksmfuLmjROH/zzJlgKjIsitzRiHdiIqBWoYqv1Q","preKeyId":12447296}}},"version":"v1"}