{"_sessions":{"BXNzb179cKUeZgtbqeZxCSFgbjxLFvdRHVpvytU4TGpf":{"registrationId":1026931276,"currentRatchet":{"ephemeralKeyPair":{"pubKey":"BT8p2YJF1n7cvTX0mdAh5rkEt6oE4rE+1wKqSmY7ggoU","privKey":"sLCWWq7S0h4Yp52u2zWpW3adJ8mShlgqrvtUm/B5DEI="},"lastRemoteEphemeralKey":"BTvqLgPwn1fql7svtILDP3Eml89s5nzg5lAzfo8+aNQ+","previousCounter":0,"rootKey":"NvAqKIqcyoo3kpPPy+2e8c2LS8yWU137Bcxo8wX+Ii8="},"indexInfo":{"baseKey":"BXNzb179cKUeZgtbqeZxCSFgbjxLFvdRHVpvytU4TGpf","baseKeyType":1,"closed":-1,"used":1683691126816,"created":1683691126816,"remoteIdentityKey":"BeRNcDR0CcQcwj3JOmrbPVFE3g+3rbMeEVmuDHhBXKNx"},"_chains":{"BT8p2YJF1n7cvTX0mdAh5rkEt6oE4rE+1wKqSmY7ggoU":{"chainKey":{"counter":0,"key":"g55IOjRhSXUuYoSwhRg+eB5Ap2e0pWu36NwK47xKy/4="},"chainType":1,"messageKeys":{}}},"pendingPreKey":{"signedKeyId":1,"baseKey":"BXNzb179cKUeZgtbqeZxCSFgbjxLFvdRHVpvytU4TGpf","preKeyId":12162063}}},"version":"v1"}