{"_sessions":{"Bd4hOJ6CtzedBFsQXEAyuXAX7NUkvgww8YRukQLvL+sX":{"registrationId":1948050588,"currentRatchet":{"ephemeralKeyPair":{"pubKey":"Begaqn0qvhpayZcYKOBJkAzy6XhPoZXR3jNVs0kQT5ZB","privKey":"0MPYn4zIrRsSt78J+AsQtp67Jqo/wnvmQqVBbg+/c2M="},"lastRemoteEphemeralKey":"BTa1MGGo2oe1D7ITa4sG+iwRG+5FVvCW6B8sYCKF+e18","previousCounter":0,"rootKey":"u+++2XtjX3pgO0l35sDyYHJJ6oOUaOvvs5354uLgmg0="},"indexInfo":{"baseKey":"Bd4hOJ6CtzedBFsQXEAyuXAX7NUkvgww8YRukQLvL+sX","baseKeyType":1,"closed":-1,"used":1683691126014,"created":1683691126014,"remoteIdentityKey":"BbkMGefpB1UtCDSQDzVt9T2nAJHSis0t6VxeJDccm1cp"},"_chains":{"Begaqn0qvhpayZcYKOBJkAzy6XhPoZXR3jNVs0kQT5ZB":{"chainKey":{"counter":0,"key":"dSJ3w9D8GQUKDToSBIZyA6YTbXZwkkIAeyFzQ9sYqWk="},"chainType":1,"messageKeys":{}}},"pendingPreKey":{"signedKeyId":5,"baseKey":"Bd4hOJ6CtzedBFsQXEAyuXAX7NUkvgww8YRukQLvL+sX","preKeyId":12638428}}},"version":"v1"}