{"_sessions":{"BZ4ZiCcUrhvqVjiH0EOsSnganyOq8SR5uGtvWfiPK8kK":{"registrationId":1866082274,"currentRatchet":{"ephemeralKeyPair":{"pubKey":"BSRFdg2WCuPILKWyLQZ7ORGY0TLj0iuoOPlecMFWK/AJ","privKey":"AFMUCO6fFIuFYXK9HoN31shdnvVMXL8mOytKi7DYPl4="},"lastRemoteEphemeralKey":"Bd4LUbF91VMNW8Yw+Kmsb/ClGswUF6sIls/0iNmlbUt/","previousCounter":0,"rootKey":"fYn+hk4zelcKD6WGPqoE6Iysm/hU5pZ5NmBX97R70RA="},"indexInfo":{"baseKey":"BZ4ZiCcUrhvqVjiH0EOsSnganyOq8SR5uGtvWfiPK8kK","baseKeyType":1,"closed":-1,"used":1683691126193,"created":1683691126193,"remoteIdentityKey":"BQZzrBnl3Ak4bAX0iJBtnvo1FO9sl75g3nNAHNh4ktBo"},"_chains":{"BSRFdg2WCuPILKWyLQZ7ORGY0TLj0iuoOPlecMFWK/AJ":{"chainKey":{"counter":0,"key":"Q9oB6GOZctviBHkCcoZ/OhnN0dLIi4sWNqWJ1mL86Sg="},"chainType":1,"messageKeys":{}}},"pendingPreKey":{"signedKeyId":17,"baseKey":"BZ4ZiCcUrhvqVjiH0EOsSnganyOq8SR5uGtvWfiPK8kK","preKeyId":8439315}}},"version":"v1"}