{"_sessions":{"BUQ3cn5pfFWfcNK2On4GB03AJTA1nDGGMn40w1UxETFA":{"registrationId":1618665162,"currentRatchet":{"ephemeralKeyPair":{"pubKey":"BZDFjfKLHck9hj2NHgQKHYoMlo4H5/5eOJ5XVWhF0sJy","privKey":"qI4cWwfu1u2ktLUfxgPWZTLZIach8Ke1NViCHbEyOWw="},"lastRemoteEphemeralKey":"BZeo1fLaZlSVN/l/KeCjAnw6TsfjkOwFRi5wp/543VIe","previousCounter":0,"rootKey":"HnJOGCe0nNtSf043B1G28PuAtI9jBQwbtj2BALv3jWE="},"indexInfo":{"baseKey":"BUQ3cn5pfFWfcNK2On4GB03AJTA1nDGGMn40w1UxETFA","baseKeyType":1,"closed":-1,"used":1683691126714,"created":1683691126714,"remoteIdentityKey":"BcWg1vebn+TTGDMZ83HwMSNhH9cUZw07UpkBdGQWkmVb"},"_chains":{"BZDFjfKLHck9hj2NHgQKHYoMlo4H5/5eOJ5XVWhF0sJy":{"chainKey":{"counter":0,"key":"sooEW7U0IVHXAwwmHRbz6YxXuY1UZVHiQ3eMdGXU2/0="},"chainType":1,"messageKeys":{}}},"pendingPreKey":{"signedKeyId":22,"baseKey":"BUQ3cn5pfFWfcNK2On4GB03AJTA1nDGGMn40w1UxETFA","preKeyId":10054790}}},"version":"v1"}