{"_sessions":{"BVpwVkvvIsbC5C6+4TOYFD871M/kHnC/F4bQk7GiX/ou":{"registrationId":424977346,"currentRatchet":{"ephemeralKeyPair":{"pubKey":"BR6OMvLXbQvVGUWIvH1A6eWMxxef3Wmqa8wMXqkQnHkM","privKey":"UN1JwZCsrn7K45QlwSUl/SV9CWuml9zadmB/wHtHvVI="},"lastRemoteEphemeralKey":"BfGGevZcvPQDx75ahloky18AtmPpTDNy2zIJHv1Kweh1","previousCounter":0,"rootKey":"qRoT4q/G4+RBvWn1SEyGU38QeNUL078th3BpqAgP84U="},"indexInfo":{"baseKey":"BVpwVkvvIsbC5C6+4TOYFD871M/kHnC/F4bQk7GiX/ou","baseKeyType":1,"closed":-1,"used":1683691126464,"created":1683691126464,"remoteIdentityKey":"BS6Zv5fPO3bxlfhYmfX8B1UP36LI3T8ALQXg8PIZCg1Z"},"_chains":{"BR6OMvLXbQvVGUWIvH1A6eWMxxef3Wmqa8wMXqkQnHkM":{"chainKey":{"counter":0,"key":"I4y/MoFRet/2hVSFev2KYb+QqiwRVOpQ9WXgVgoWq/U="},"chainType":1,"messageKeys":{}}},"pendingPreKey":{"signedKeyId":12,"baseKey":"BVpwVkvvIsbC5C6+4TOYFD871M/kHnC/F4bQk7GiX/ou","preKeyId":8926845}}},"version":"v1"}