{"_sessions":{"BQ0wCPffC5AGUrOX8Ka4ASnbwEX/cdA2EsRVOkSF8IMB":{"registrationId":87379900,"currentRatchet":{"ephemeralKeyPair":{"pubKey":"BUIjKWQIqVnMeUIZZ7eB/cfdUbSbYEW55zggarFZXtN0","privKey":"GF9nH4nuvHsCZmbQd4kLgUePapIF5sjAcBWgODFVuHY="},"lastRemoteEphemeralKey":"BbZUlWqiOaZ3KERlpbs3ITni3GpeBdsKTnKnSRKfkiIJ","previousCounter":0,"rootKey":"qS+8jXxqBm6ql3oV9prlQwOGvACtdVyObmDATaBDDDE="},"indexInfo":{"baseKey":"BQ0wCPffC5AGUrOX8Ka4ASnbwEX/cdA2EsRVOkSF8IMB","baseKeyType":1,"closed":-1,"used":1683691126824,"created":1683691126824,"remoteIdentityKey":"BU6v3mVFE7tkdWWmMzMk6o3jNXNJnqjLC8o2VmcFXz1X"},"_chains":{"BUIjKWQIqVnMeUIZZ7eB/cfdUbSbYEW55zggarFZXtN0":{"chainKey":{"counter":0,"key":"rqS0AmzdXW9fKBxdQtdKNZZlelu6eTaXrTJbEX0WL5I="},"chainType":1,"messageKeys":{}}},"pendingPreKey":{"signedKeyId":3,"baseKey":"BQ0wCPffC5AGUrOX8Ka4ASnbwEX/cdA2EsRVOkSF8IMB","preKeyId":8915267}}},"version":"v1"}