{"_sessions":{"BYVamX8bFY+GBgStZ5Jb50d1PuXCnEsl9HaZOPySVY4/":{"registrationId":1836367437,"currentRatchet":{"ephemeralKeyPair":{"pubKey":"BY2bubp07rFw+ugEgjy1XVlxRQyHgCHmA0G5v3fokoRA","privKey":"OOZE0pn5OvjJm+Ak9wtGVtQvhnNT5mi3z8MJ3S/1H1s="},"lastRemoteEphemeralKey":"BeU7KEbg/4yNOiuOxVdDldygnBlKwBAmi93sWwkDpKpG","previousCounter":0,"rootKey":"1aIOIreQNiORL63QrxgCJ2q2j3HYOAvy9CPBk5aQ3SQ="},"indexInfo":{"baseKey":"BYVamX8bFY+GBgStZ5Jb50d1PuXCnEsl9HaZOPySVY4/","baseKeyType":1,"closed":-1,"used":1683691126386,"created":1683691126386,"remoteIdentityKey":"Ba1Z5zno8SnTAkjV4cXf3VkJrgOeSf31X98NJ47WjGok"},"_chains":{"BY2bubp07rFw+ugEgjy1XVlxRQyHgCHmA0G5v3fokoRA":{"chainKey":{"counter":0,"key":"CweZfebM5Hf13VHxGRTKdN7MT9Y7qEjC1z8IKa6aSyQ="},"chainType":1,"messageKeys":{}}},"pendingPreKey":{"signedKeyId":6,"baseKey":"BYVamX8bFY+GBgStZ5Jb50d1PuXCnEsl9HaZOPySVY4/","preKeyId":10068669}}},"version":"v1"}