{"_sessions":{"BR3AEPqr9Bn42Mf5kgUGw/PI/btScbB3qm/A5V4s5z0A":{"registrationId":1765339487,"currentRatchet":{"ephemeralKeyPair":{"pubKey":"BZHMyjkRV6AwQTS9ssGFTOnpiDlpJKxRfHvPJzD7Dc8O","privKey":"0BG7UIeV6a+8pVkKE1rYaBHU3YHj6duycSLOD5dxh1s="},"lastRemoteEphemeralKey":"BZDtOPCF4iKvyl4pt0AdI9IQdAxtjSr7NodXJrnLQPk2","previousCounter":0,"rootKey":"ZWQ+nq+jPcIt8eGTJVhctb0xq+BSn5b2qJE9gpw3Pj0="},"indexInfo":{"baseKey":"BR3AEPqr9Bn42Mf5kgUGw/PI/btScbB3qm/A5V4s5z0A","baseKeyType":1,"closed":-1,"used":1683691126368,"created":1683691126368,"remoteIdentityKey":"BWe2UcoU5ykz1ROwwyGfYZK9wdxvLyhM8rMEFNJHtqJA"},"_chains":{"BZHMyjkRV6AwQTS9ssGFTOnpiDlpJKxRfHvPJzD7Dc8O":{"chainKey":{"counter":0,"key":"i8BggH2/EMph6ie915RFY9DNz9PWZJTwh2W5GOVuj+E="},"chainType":1,"messageKeys":{}}},"pendingPreKey":{"signedKeyId":8,"baseKey":"BR3AEPqr9Bn42Mf5kgUGw/PI/btScbB3qm/A5V4s5z0A","preKeyId":9416117}}},"version":"v1"}