{"_sessions":{"BQjnIDdd+zHqZFu4Fi//VL/Rkid7j/vLG5or+LszXfA0":{"registrationId":529822130,"currentRatchet":{"ephemeralKeyPair":{"pubKey":"BTWqFTIuE2MQCq+J8lIr1WyeLjs0B8eTramFhuz7vzI3","privKey":"qHugcS94rGVOYHRHLQjGMlLDgIXUtHQp1JinjayS12Y="},"lastRemoteEphemeralKey":"Ba4pXqD2Tper+vtC31HEjREKb62Ij6u9ufFghibJt0Qb","previousCounter":0,"rootKey":"7ASFqGHnGmNLX9O/AXzW7X6kSL9mmtotD60elzeBhMU="},"indexInfo":{"baseKey":"BQjnIDdd+zHqZFu4Fi//VL/Rkid7j/vLG5or+LszXfA0","baseKeyType":1,"closed":-1,"used":1683691126734,"created":1683691126734,"remoteIdentityKey":"BQFGYHrINrOWEgJv3kD4x9pAyavfM5i3YTA68OznJ99U"},"_chains":{"BTWqFTIuE2MQCq+J8lIr1WyeLjs0B8eTramFhuz7vzI3":{"chainKey":{"counter":0,"key":"9Zz27UxkBEldOi7Dc9eKn666MgwTO9l03YJD03nfbQM="},"chainType":1,"messageKeys":{}}},"pendingPreKey":{"signedKeyId":1,"baseKey":"BQjnIDdd+zHqZFu4Fi//VL/Rkid7j/vLG5or+LszXfA0","preKeyId":7330730}}},"version":"v1"}