{"_sessions":{"BYLiXfF8VXuqrb75MalU1dJY9vkz7jMF1nToJ/n+MW1i":{"registrationId":1453366841,"currentRatchet":{"ephemeralKeyPair":{"pubKey":"BW5s20Wku/5e+A6I3c3bW+bU/2UIyiAJKJPHIgs6B1Bx","privKey":"4GJhxwnatPmXMfNGL7K1/tdZFMTUw2TABuyvcsC+9GQ="},"lastRemoteEphemeralKey":"BeMWIp/0iuAZiOGuxbBBg3ngX8i/dMo9ixAYjswvLMFA","previousCounter":0,"rootKey":"jocVg+5CsMNYwnJSRd4Y6+fbhgGJp7DLQDW6O/hbyZo="},"indexInfo":{"baseKey":"BYLiXfF8VXuqrb75MalU1dJY9vkz7jMF1nToJ/n+MW1i","baseKeyType":1,"closed":-1,"used":1683691126037,"created":1683691126037,"remoteIdentityKey":"BSXnuVqWhlbiOHNV/MHipSiET3M8Rti6nB8eumzpBZ9R"},"_chains":{"BW5s20Wku/5e+A6I3c3bW+bU/2UIyiAJKJPHIgs6B1Bx":{"chainKey":{"counter":0,"key":"+gb4mlVQsFyLp4AYCkjTlTu7GD/30s1XnH4n52lC3oo="},"chainType":1,"messageKeys":{}}},"pendingPreKey":{"signedKeyId":1,"baseKey":"BYLiXfF8VXuqrb75MalU1dJY9vkz7jMF1nToJ/n+MW1i","preKeyId":7877836}}},"version":"v1"}