{"_sessions":{"Bd9HPFkz7mxjPU7BIgwubEzFcakC2COOiq84mx1zmk54":{"registrationId":265760158,"currentRatchet":{"ephemeralKeyPair":{"pubKey":"BUVc4zyt40zA7K1wz0RNFFFZkJTW86KJHqNyozl9iZVe","privKey":"sF7cHnFgqa2Bq+RS+uc5qalKjaqzGs2FMVj+DcELu2k="},"lastRemoteEphemeralKey":"BTmCk/OPaZmtWoSLJXuDLY7p8GAje02qTYneULzKv8xh","previousCounter":0,"rootKey":"1OxEfrbLKN5LKi7wagxPfZbmbs5eGRF9byJsrIZrdHw="},"indexInfo":{"baseKey":"Bd9HPFkz7mxjPU7BIgwubEzFcakC2COOiq84mx1zmk54","baseKeyType":1,"closed":-1,"used":1683691126854,"created":1683691126854,"remoteIdentityKey":"BX5WUwrDq+4Ymz3+ezou5NMTxSSG+HD5cNrRX74p6xYM"},"_chains":{"BUVc4zyt40zA7K1wz0RNFFFZkJTW86KJHqNyozl9iZVe":{"chainKey":{"counter":0,"key":"dW8o8K3LEO+7vq5BOfk4IZdmJEvSu+3OFf3n9McyL+U="},"chainType":1,"messageKeys":{}}},"pendingPreKey":{"signedKeyId":5,"baseKey":"Bd9HPFkz7mxjPU7BIgwubEzFcakC2COOiq84mx1zmk54","preKeyId":7404360}}},"version":"v1"}