{"_sessions":{"BW5SFEn/Srxbi9QmSYbnItfGJVUOZPOZj863bdjHH3RJ":{"registrationId":1019785634,"currentRatchet":{"ephemeralKeyPair":{"pubKey":"BfZAzp2UUNLNexRIQtI0XJe5mOJ8FM3b/UXR/GOxZ9tk","privKey":"eA8lIbn+f7zvdvHPLfv3zgbxaI/UvovIzN+XR63bGkE="},"lastRemoteEphemeralKey":"BdFTeTmYqJE3LvWGJrvUdXwjY9Bt5fcx4cAgQKxK4G8f","previousCounter":0,"rootKey":"8MKvqOoXDUS8lxZgyqigV1bAeUhfQu3XJIovNTDmaoA="},"indexInfo":{"baseKey":"BW5SFEn/Srxbi9QmSYbnItfGJVUOZPOZj863bdjHH3RJ","baseKeyType":1,"closed":-1,"used":1683691126425,"created":1683691126425,"remoteIdentityKey":"Bac2WuKIko0fOFEDwNuOTjC5jIUGufWHZvL8vrgC+tcF"},"_chains":{"BfZAzp2UUNLNexRIQtI0XJe5mOJ8FM3b/UXR/GOxZ9tk":{"chainKey":{"counter":0,"key":"M4cTcPvcnK5e1d0+78/riUxwXq2kzm4seYoiBoUW2EQ="},"chainType":1,"messageKeys":{}}},"pendingPreKey":{"signedKeyId":4,"baseKey":"BW5SFEn/Srxbi9QmSYbnItfGJVUOZPOZj863bdjHH3RJ","preKeyId":11964600}}},"version":"v1"}