{"_sessions":{"BcRIFGLhP4TVFtGDEnPec5585s7ULiPQrhadutj/KrBG":{"registrationId":1996498005,"currentRatchet":{"ephemeralKeyPair":{"pubKey":"BQMKRCBvaTxZMwVlOjL+vidW4SnfAWYbn5NwRgPbgVBe","privKey":"aJC8DwzRHhFFVU9joiMawKpNvO8x8lzhtzwUk6Z7hlo="},"lastRemoteEphemeralKey":"BVmEpN9dZ6UYeu3zwT4Hwp1GN41Kk79UYsGGbnqPwkd1","previousCounter":0,"rootKey":"kWyrg+um98lO/77MBf3+C1/WFp3mwMFw8OGQQJUc3Yk="},"indexInfo":{"baseKey":"BcRIFGLhP4TVFtGDEnPec5585s7ULiPQrhadutj/KrBG","baseKeyType":1,"closed":-1,"used":1683691126512,"created":1683691126512,"remoteIdentityKey":"Ba3PQc63G5X7F4nUq3xiN2B1Qr/oATJ8zd3ShjI6VJ8P"},"_chains":{"BQMKRCBvaTxZMwVlOjL+vidW4SnfAWYbn5NwRgPbgVBe":{"chainKey":{"counter":0,"key":"8WbcWM+e501IrGHKcw60/ZBXPWLqDzBjvAnZ7HPjt1k="},"chainType":1,"messageKeys":{}}},"pendingPreKey":{"signedKeyId":0,"baseKey":"BcRIFGLhP4TVFtGDEnPec5585s7ULiPQrhadutj/KrBG","preKeyId":694629}}},"version":"v1"}