{"_sessions":{"BUiffQM/Pbj6IaU+g1us3uYKwW6CfNfMrkBHCWPNKNFo":{"registrationId":16023,"currentRatchet":{"ephemeralKeyPair":{"pubKey":"BaKU8e5EAje2rROqxj0OpqQD06o5jrODvMVn2YXCyfwp","privKey":"4CCwHUR6+ZS6HSKrHkkcs2beTWQsVsMtT6GPZ4xxinI="},"lastRemoteEphemeralKey":"BS1p3ZnP8kkWy4XikQwO0PF+BnQUCtZoJdiVlC2axZBJ","previousCounter":0,"rootKey":"iIPmyKvOE23RAg/lLAXGkWUEEzhhLJDWhnaLPljN+ns="},"indexInfo":{"baseKey":"BUiffQM/Pbj6IaU+g1us3uYKwW6CfNfMrkBHCWPNKNFo","baseKeyType":1,"closed":-1,"used":1683249895677,"created":1683249895677,"remoteIdentityKey":"BWyosPW2UTON/PmAKZ+aiC+TWiz95ziCMLA9XN4kNL8C"},"_chains":{"BaKU8e5EAje2rROqxj0OpqQD06o5jrODvMVn2YXCyfwp":{"chainKey":{"counter":0,"key":"0Ri47FizDhHbkAYncY8EjTbIUBnsllut7KTFiSpyK/c="},"chainType":1,"messageKeys":{}}},"pendingPreKey":{"signedKeyId":1,"baseKey":"BUiffQM/Pbj6IaU+g1us3uYKwW6CfNfMrkBHCWPNKNFo","preKeyId":172}}},"version":"v1"}