{"_sessions":{"BXnFVG4w4AFuprkD3i/iSW+38ZFTfpORVktOgV8PdcQZ":{"registrationId":488611825,"currentRatchet":{"ephemeralKeyPair":{"pubKey":"Bf+74DdAAldWe3KKHxGfcNlywW9KL4TmqjZak53gCiQr","privKey":"YGHv41IlsvaVkB9d3o4rC/QPOg2mvaADdetE36rOmGw="},"lastRemoteEphemeralKey":"BRueS8w1xv2c8Ux7SrObeY0vT7tH0b686CfT38cD3vN/","previousCounter":0,"rootKey":"xiEYDBF4x/D/R+H44e/imj7KMyREO/Qo8dsre+0aExQ="},"indexInfo":{"baseKey":"BXnFVG4w4AFuprkD3i/iSW+38ZFTfpORVktOgV8PdcQZ","baseKeyType":1,"closed":-1,"used":1683691125845,"created":1683691125845,"remoteIdentityKey":"BeNJguAkFW+XbG8lLYMUHwAUfTbjE5ho9pMQilbllqE3"},"_chains":{"Bf+74DdAAldWe3KKHxGfcNlywW9KL4TmqjZak53gCiQr":{"chainKey":{"counter":0,"key":"w90FSjBdHS+HsHmiB2JWIf48Swy4L6XobvKmB/xaCNI="},"chainType":1,"messageKeys":{}}},"pendingPreKey":{"signedKeyId":1,"baseKey":"BXnFVG4w4AFuprkD3i/iSW+38ZFTfpORVktOgV8PdcQZ","preKeyId":9461375}}},"version":"v1"}