{"_sessions":{"BQQ69hNZb628p5AkYYkOdt9MjJKDhrSFyun25BpPvTV9":{"registrationId":1744783341,"currentRatchet":{"ephemeralKeyPair":{"pubKey":"BQ6CQluhVWv6EBzntP2SL0vyE6AyU6t6p2XJ+MoR0roH","privKey":"iFLd5k7w8PXrs7d4m/38lq5V4hTN6SJg3E7mZ909KHk="},"lastRemoteEphemeralKey":"BdNPVNmlgMmg6dsrBZkzXyNsT2pwQSXvLnnFkaQZ0nxO","previousCounter":0,"rootKey":"SUhp8OEisoxJ0XNR73+YrYWo9OEs+G2W4shJs+PYAzA="},"indexInfo":{"baseKey":"BQQ69hNZb628p5AkYYkOdt9MjJKDhrSFyun25BpPvTV9","baseKeyType":1,"closed":-1,"used":1683691126079,"created":1683691126079,"remoteIdentityKey":"Bbb2YT+0Wec2QOjGiYbngm9zCNURVe4C+MVtueNakJEn"},"_chains":{"BQ6CQluhVWv6EBzntP2SL0vyE6AyU6t6p2XJ+MoR0roH":{"chainKey":{"counter":0,"key":"E+RLxaHH6Jl5ndN861dnjI3uk9bkuNf14AbZVXXh5tw="},"chainType":1,"messageKeys":{}}},"pendingPreKey":{"signedKeyId":9,"baseKey":"BQQ69hNZb628p5AkYYkOdt9MjJKDhrSFyun25BpPvTV9","preKeyId":15358264}}},"version":"v1"}