{"_sessions":{"Bc+2Ae5Ons7FwuUgGt2Ojcbhnxu2CgcmPfqQHDgX3YMw":{"registrationId":6193,"currentRatchet":{"ephemeralKeyPair":{"pubKey":"BbRW58u6WYJ+jRMvZKYkKTMBYTXIdwTCySfNvO/70lg6","privKey":"4JzkWFKx6KtonLxq/PUqTSy0T1LTqWGL28rGkxrJjGI="},"lastRemoteEphemeralKey":"BdVHdRVmTT9baB2BERO3KihQL3BUYycAq+6mjT/yTuxe","previousCounter":0,"rootKey":"HQSPT15uXJLSZhCWo5M5H8R0Ly8WihQxJ93D73DKhbY="},"indexInfo":{"baseKey":"Bc+2Ae5Ons7FwuUgGt2Ojcbhnxu2CgcmPfqQHDgX3YMw","baseKeyType":1,"closed":-1,"used":1683691125609,"created":1683691125609,"remoteIdentityKey":"BVPNaMxv+LWqnSlOtwca7YzOGeDOMDMh0JZNBRRkdD80"},"_chains":{"BbRW58u6WYJ+jRMvZKYkKTMBYTXIdwTCySfNvO/70lg6":{"chainKey":{"counter":0,"key":"Th/0B6pr3OaHSsrxkZ6xqhoIJw9xVAAys90IZSD+UxQ="},"chainType":1,"messageKeys":{}}},"pendingPreKey":{"signedKeyId":1,"baseKey":"Bc+2Ae5Ons7FwuUgGt2Ojcbhnxu2CgcmPfqQHDgX3YMw"}}},"version":"v1"}