{"_sessions":{"BSU69F3UCbPCz//wVIv64FWCEbYTu8neE0uvaAgSpzlX":{"registrationId":2094413966,"currentRatchet":{"ephemeralKeyPair":{"pubKey":"Bey3ysqn6PpsYD5qgHbboLFk/e+wEUQorcDKSioeH/1k","privKey":"oAuN5bvaRHTp0y574OB+yu0C28arEaRZgN1PUIQQAUU="},"lastRemoteEphemeralKey":"Bfqd12XUXNjryQQ3cT1kLJS6wWJvx7rktjx0UeFgKkkY","previousCounter":0,"rootKey":"qwEKNf7uIaRbfyhK/9w2sPTShbQFEfdhWk8qY6+ioGE="},"indexInfo":{"baseKey":"BSU69F3UCbPCz//wVIv64FWCEbYTu8neE0uvaAgSpzlX","baseKeyType":1,"closed":-1,"used":1683691126218,"created":1683691126218,"remoteIdentityKey":"BS/EnyyF1EyItqWaJetGEob2KQ9QzFUK9yskz3FiKeYf"},"_chains":{"Bey3ysqn6PpsYD5qgHbboLFk/e+wEUQorcDKSioeH/1k":{"chainKey":{"counter":0,"key":"jV02geAJZSHPSF/VL9th5Ip1+CPnOKt2EAKDriA/9Lg="},"chainType":1,"messageKeys":{}}},"pendingPreKey":{"signedKeyId":3,"baseKey":"BSU69F3UCbPCz//wVIv64FWCEbYTu8neE0uvaAgSpzlX","preKeyId":478088}}},"version":"v1"}