{"_sessions":{"Bb2MJyle3a9/QYMDEGfbtH9YCdyJgFnAQwVEJyZ30Spv":{"registrationId":5755,"currentRatchet":{"ephemeralKeyPair":{"pubKey":"BVL4kixvuZIHzdRYVQhbxVq8HbcOpUl3Vc3XS1nVVVVg","privKey":"eOXD6PNTZissYdZ7ljxdJquXLrEsqGb47pv9zoun3mo="},"lastRemoteEphemeralKey":"BSazJD4e5MVGoGuoUNAoDrJdzMx4PcjdY1f1HYkS6N9A","previousCounter":0,"rootKey":"WULegifw7rEjbgoE1owQo0EnT8e7FlIvCYC5laDKD+0="},"indexInfo":{"baseKey":"Bb2MJyle3a9/QYMDEGfbtH9YCdyJgFnAQwVEJyZ30Spv","baseKeyType":1,"closed":-1,"used":1683249895659,"created":1683249895659,"remoteIdentityKey":"BRIE0SS5Va0ytjZHg2KX/hrjnDuTz5fCxuQXVPB5lR4C"},"_chains":{"BVL4kixvuZIHzdRYVQhbxVq8HbcOpUl3Vc3XS1nVVVVg":{"chainKey":{"counter":0,"key":"/NBTXZrLCrGLRXylHWHFczwXcDUD5/bKOp6ScGspbkw="},"chainType":1,"messageKeys":{}}},"pendingPreKey":{"signedKeyId":1,"baseKey":"Bb2MJyle3a9/QYMDEGfbtH9YCdyJgFnAQwVEJyZ30Spv"}}},"version":"v1"}