{"_sessions":{"BQSQeSDqhMxUPGDUREsCuZjqBtfYnNEZEU2UHovB+eIk":{"registrationId":174,"currentRatchet":{"ephemeralKeyPair":{"pubKey":"BTvkanQ1KDgs3nuErospCanoBEZgoq2//SuaBcZOaiNR","privKey":"wNtqKgRki6ZtH8a52onpDLqAaeKtNKkpRFeZoAhK6XY="},"lastRemoteEphemeralKey":"BRpzPWqAbPk2+F2H/P6F+z7K7iXx04iIwqpZqfKk7nUn","previousCounter":0,"rootKey":"2qPfT5M2unncCgbwFdrJtjqUxyBJJY3/InGxnSnpSgc="},"indexInfo":{"baseKey":"BQSQeSDqhMxUPGDUREsCuZjqBtfYnNEZEU2UHovB+eIk","baseKeyType":1,"closed":-1,"used":1683691125587,"created":1683691125587,"remoteIdentityKey":"BST4j0PxDtMLIW3zsNM3cguSKLFWMarnNZgDkVs25F1O"},"_chains":{"BTvkanQ1KDgs3nuErospCanoBEZgoq2//SuaBcZOaiNR":{"chainKey":{"counter":0,"key":"GMWBHmI8HtF/jSKzraphnewBhHYtbd0chzmzyV6yo7Q="},"chainType":1,"messageKeys":{}}},"pendingPreKey":{"signedKeyId":1,"baseKey":"BQSQeSDqhMxUPGDUREsCuZjqBtfYnNEZEU2UHovB+eIk"}}},"version":"v1"}