{"_sessions":{"BecKE19T9NR9QvgrZFOuDL19PrLXlZV5++tiHT8LSOc2":{"registrationId":1855422486,"currentRatchet":{"ephemeralKeyPair":{"pubKey":"BQEJkIOMjqs8AkUjZwDhch8pxl/sMZkYFMTFseVirpQV","privKey":"SIg7XvHN2O9+m1NPK3FmyMsvPckIdrK1QGszmVkKKlk="},"lastRemoteEphemeralKey":"BdS7DVPdjAaBaL8Hw/wLfp00t7M0jfqx1hj5KWXKvqBL","previousCounter":0,"rootKey":"SVs+M2YnGJQjH/X7QaM8TtK++VbtX2p0qmsle6W/nnY="},"indexInfo":{"baseKey":"BecKE19T9NR9QvgrZFOuDL19PrLXlZV5++tiHT8LSOc2","baseKeyType":1,"closed":-1,"used":1683691126288,"created":1683691126288,"remoteIdentityKey":"BVW9ugJFEDAOJGag1gQvjrXI3kAguZ48qMJcqxDZGyZm"},"_chains":{"BQEJkIOMjqs8AkUjZwDhch8pxl/sMZkYFMTFseVirpQV":{"chainKey":{"counter":0,"key":"IUEtNk0Y2a8+Narlv6wg0VC+KKUAixnmvAJ5wELVVOk="},"chainType":1,"messageKeys":{}}},"pendingPreKey":{"signedKeyId":1,"baseKey":"BecKE19T9NR9QvgrZFOuDL19PrLXlZV5++tiHT8LSOc2","preKeyId":4755520}}},"version":"v1"}