{"_sessions":{"BZrAqW2EJ8/0DPC9rjGbX16Z2Yih2Znm8tTSqDdutp5D":{"registrationId":1703653519,"currentRatchet":{"ephemeralKeyPair":{"pubKey":"BSFx8EepOIcX48A+R067Kr+0JfW3YUsBJjGPilR57l5x","privKey":"gMuhavlBMoB8us3vALqW4amLf5kV1auXOcs/0cCfdXI="},"lastRemoteEphemeralKey":"BcC/ZfjWS14L4Fz2Gpzqf0XtkbPe/wsNBLWDnOZQi5pM","previousCounter":0,"rootKey":"Kr2eFMDEW8rwqZM1PWBSEO8GkPjmDRzpxtu6LHUkX2o="},"indexInfo":{"baseKey":"BZrAqW2EJ8/0DPC9rjGbX16Z2Yih2Znm8tTSqDdutp5D","baseKeyType":1,"closed":-1,"used":1683691126545,"created":1683691126545,"remoteIdentityKey":"BdOaxZqy3sySfHvodZMm+CfAfOyJ1QZUCBCCSxbcs6Nf"},"_chains":{"BSFx8EepOIcX48A+R067Kr+0JfW3YUsBJjGPilR57l5x":{"chainKey":{"counter":0,"key":"DOXwsmphgJnq1mzpETod9R5eLGhAUCw0uTt+7+Ua2Lo="},"chainType":1,"messageKeys":{}}},"pendingPreKey":{"signedKeyId":0,"baseKey":"BZrAqW2EJ8/0DPC9rjGbX16Z2Yih2Znm8tTSqDdutp5D","preKeyId":3016027}}},"version":"v1"}