{"_sessions":{"BTIhFdwoYnlqoUkPbmvl/b1/sl/dH8dAHPsNTu0CLrVL":{"registrationId":9611,"currentRatchet":{"ephemeralKeyPair":{"pubKey":"BU54O7qjYuXDuqZ4F3XtMnsLRYOaCeGNjG04hueCq7ow","privKey":"KCvC1lZppwlpwJ8Mm1cFqwzOltIH6u0pQ2YM89AJM2M="},"lastRemoteEphemeralKey":"BYNCzJYOkX7xs6aZ4d0Xl0kzW7q0f5ea5yMFzGbdqIsG","previousCounter":0,"rootKey":"1+XlF65bmQVZM8R8eeysLPGZ69G0askXgbJ+kq71iVI="},"indexInfo":{"baseKey":"BTIhFdwoYnlqoUkPbmvl/b1/sl/dH8dAHPsNTu0CLrVL","baseKeyType":1,"closed":-1,"used":1683249895627,"created":1683249895627,"remoteIdentityKey":"BTMh05CZHW7+hzU2lDYLX46qv9o4yyCpFu7IUF4EVI1F"},"_chains":{"BU54O7qjYuXDuqZ4F3XtMnsLRYOaCeGNjG04hueCq7ow":{"chainKey":{"counter":0,"key":"MCVklH0UGYWLtzKWA0WbU9bMIO6aJ29R/BLA8xN0CVs="},"chainType":1,"messageKeys":{}}},"pendingPreKey":{"signedKeyId":1,"baseKey":"BTIhFdwoYnlqoUkPbmvl/b1/sl/dH8dAHPsNTu0CLrVL"}}},"version":"v1"}