{"_sessions":{"BTuo+wlaCtc1QAADwOA9mksXba6DubydhXWknCvyu+1C":{"registrationId":1534137364,"currentRatchet":{"ephemeralKeyPair":{"pubKey":"BWtVaUYr6NSNjy9PYj2I7BtFNU1VKsP+4ZEcsx8Q8Xsx","privKey":"iDbXeVrJHtVEhNikimFmisqo9r4n5QPKqgfd+ncPuEo="},"lastRemoteEphemeralKey":"BZg2v9NLWSZRmWgz8uPkFH0en5oeIyZAFvksqde7g6MI","previousCounter":0,"rootKey":"mTGaPURhJg7MDaByoE/RxuzOmega/FGYmf1jLp8SFP4="},"indexInfo":{"baseKey":"BTuo+wlaCtc1QAADwOA9mksXba6DubydhXWknCvyu+1C","baseKeyType":2,"closed":-1,"used":1683690793035,"created":1683690793035,"remoteIdentityKey":"BU/LDJVeFkU1WtyssoTAZ26ToVM8503ZdXf+j/gE4Boc"},"_chains":{"BZg2v9NLWSZRmWgz8uPkFH0en5oeIyZAFvksqde7g6MI":{"chainKey":{"counter":7,"key":"tNRs1BqA1IfAdWSOOVZMaQwnN2G1sfcYR9wpLSzQFY0="},"chainType":2,"messageKeys":{}},"BWtVaUYr6NSNjy9PYj2I7BtFNU1VKsP+4ZEcsx8Q8Xsx":{"chainKey":{"counter":21,"key":"RmuKCGkJ6T+X/2fv90+ki8XABxopJn77V5I6nWiUd6A="},"chainType":1,"messageKeys":{}}}}},"version":"v1"}