{"_sessions":{"BXNtwzOb1k0Q/u3bAW9SKTb+BF1KS0O+mvls5DaRD2xO":{"registrationId":991744407,"currentRatchet":{"ephemeralKeyPair":{"pubKey":"BYjVUOdxpqVW2czPJLmFyx2orW55px1PDXkW0WylQ8Vs","privKey":"EMtuGci1gYeeuvu8LNklm95NdpeY9GIYzgAAl82nQkQ="},"lastRemoteEphemeralKey":"BYH1PkL6lefXrWD3fe0SFyW/rXF6uCgfc5fv28pCW292","previousCounter":0,"rootKey":"OgavLVi4DhA7oaU6KyGvpemjpOTLeZuDkApdbVXdBAw="},"indexInfo":{"baseKey":"BXNtwzOb1k0Q/u3bAW9SKTb+BF1KS0O+mvls5DaRD2xO","baseKeyType":1,"closed":-1,"used":1683691125952,"created":1683691125952,"remoteIdentityKey":"BS6ADsCyEeMjZcOURYbFYC8VCxJ/f+dsz6amcBkl70lz"},"_chains":{"BYjVUOdxpqVW2czPJLmFyx2orW55px1PDXkW0WylQ8Vs":{"chainKey":{"counter":0,"key":"Gwe7IY8haip5OwHc/d5QqnCX2b575glJdgTq5a/WirY="},"chainType":1,"messageKeys":{}}},"pendingPreKey":{"signedKeyId":4,"baseKey":"BXNtwzOb1k0Q/u3bAW9SKTb+BF1KS0O+mvls5DaRD2xO","preKeyId":11710880}}},"version":"v1"}