{"_sessions":{"BQAb4KIGEKyw63UYeVelKZgIHKQxI5gIpjrsLy/sS28R":{"registrationId":1547329268,"currentRatchet":{"ephemeralKeyPair":{"pubKey":"BWfj2vX6cHs8/i9hY0N1zWK5QIOe9BJoZFtieDIirphQ","privKey":"aGofD6cKz/wuFdUHxWMdsqmynR90tEv3JBnaGLv7nWI="},"lastRemoteEphemeralKey":"Bf4LGZAyOVZqVrvNrX0gSAyEG95Uq/lbX1hWmTeWPw4I","previousCounter":0,"rootKey":"5igY+/ZJxcZun27KowCz1g3icNvkaTlZ3JxAa+K4WpM="},"indexInfo":{"baseKey":"BQAb4KIGEKyw63UYeVelKZgIHKQxI5gIpjrsLy/sS28R","baseKeyType":1,"closed":-1,"used":1683691126707,"created":1683691126707,"remoteIdentityKey":"Bc1m4waO3peHrm4rGZn2iZiHef01yKs2RGQbC6lhON5U"},"_chains":{"BWfj2vX6cHs8/i9hY0N1zWK5QIOe9BJoZFtieDIirphQ":{"chainKey":{"counter":0,"key":"lpF/G+EFIXrTa+7LFUK1AArFo/+6VpaNA3HBUyNQ0hA="},"chainType":1,"messageKeys":{}}},"pendingPreKey":{"signedKeyId":2,"baseKey":"BQAb4KIGEKyw63UYeVelKZgIHKQxI5gIpjrsLy/sS28R","preKeyId":2584336}}},"version":"v1"}