{"_sessions":{"BYUp3HnlGzikjUmHsl24GaQnOmfBN/7MMrrGqWqEyp1f":{"registrationId":1805558017,"currentRatchet":{"ephemeralKeyPair":{"pubKey":"BZPp4lbH6h0z5SjWlZ9Pa8TR03er3q64TDJUB7LD6VIG","privKey":"mMhXIsuGsszfebv3lM3QUfly+YRO8Y+xO6J2u9/vmXA="},"lastRemoteEphemeralKey":"BQONxOEjcS6mLyw8bsUP/ZBoLsjo9gTUQGViRIOr4Kxl","previousCounter":0,"rootKey":"cyPnydiyFPS8m8N4j9AGdwpi5ON4kCD7h1PImhSZP7Q="},"indexInfo":{"baseKey":"BYUp3HnlGzikjUmHsl24GaQnOmfBN/7MMrrGqWqEyp1f","baseKeyType":1,"closed":-1,"used":1683691125959,"created":1683691125959,"remoteIdentityKey":"BbNh3P+ipOILQ73hYiaiN37vlj4X65aHfhvVynR1TOkB"},"_chains":{"BZPp4lbH6h0z5SjWlZ9Pa8TR03er3q64TDJUB7LD6VIG":{"chainKey":{"counter":0,"key":"k0paYSs/Kp8yeDoOnbnGeNORmAx56KfMFVevZ7k7aAE="},"chainType":1,"messageKeys":{}}},"pendingPreKey":{"signedKeyId":4,"baseKey":"BYUp3HnlGzikjUmHsl24GaQnOmfBN/7MMrrGqWqEyp1f","preKeyId":14161684}}},"version":"v1"}