{"_sessions":{"BYefWf528ONTTLdlTl9dXAmjWAkrzox4CpQ9ifzW1psp":{"registrationId":677884800,"currentRatchet":{"ephemeralKeyPair":{"pubKey":"BUSKv6wXRDsPlKr0tEzOkVmGfy3ioYQa5QEdBhc/41AK","privKey":"mH/X6egzMmGBvYx6HtFSUi55AgBHennp7njVCe2FAmo="},"lastRemoteEphemeralKey":"BVMBJ/bTRprZohwezv9SsDtX8Gpp4LZ4lGozmit4MMw+","previousCounter":0,"rootKey":"nG9i/PII6M6oL0HGz+ppxE71mVvvFwHJz9/wuLB/qOU="},"indexInfo":{"baseKey":"BYefWf528ONTTLdlTl9dXAmjWAkrzox4CpQ9ifzW1psp","baseKeyType":1,"closed":-1,"used":1683691126596,"created":1683691126596,"remoteIdentityKey":"BVPoz1+RrI1LT1lk46+xqb59KScaIpWGVSJjeU6LPahJ"},"_chains":{"BUSKv6wXRDsPlKr0tEzOkVmGfy3ioYQa5QEdBhc/41AK":{"chainKey":{"counter":0,"key":"xUl3EirbYm/1L86IU9roGwP+D+xRlZmmI03MNJR3KqI="},"chainType":1,"messageKeys":{}}},"pendingPreKey":{"signedKeyId":3,"baseKey":"BYefWf528ONTTLdlTl9dXAmjWAkrzox4CpQ9ifzW1psp","preKeyId":2230613}}},"version":"v1"}