{"_sessions":{"BTNCD0BKN2UlHk0KVp/6WdKL5SeFWryHomaM7CHjM4p0":{"registrationId":857617808,"currentRatchet":{"ephemeralKeyPair":{"pubKey":"BQNcAeAHN+vIpwDMxVfDBbIHyyZyYc6b5AVBlZ+iPcM6","privKey":"QLiLrb0b7mPx+wb3haXVJq3ihUzYh7SvSgTV/i4BFUo="},"lastRemoteEphemeralKey":"BVmajh18axRi44Fabnf6qjxKALk79/zkz+TzrV8u0m4d","previousCounter":0,"rootKey":"M6c9MQ/009k6H5BuNqV05pjvRkrAHHNZ/k3JWAY3STY="},"indexInfo":{"baseKey":"BTNCD0BKN2UlHk0KVp/6WdKL5SeFWryHomaM7CHjM4p0","baseKeyType":1,"closed":-1,"used":1683691126444,"created":1683691126444,"remoteIdentityKey":"Ba1ApsxVNp/WLJwWQ6cp4QUe5h1Hjbs4yX4jGqWPn6Vc"},"_chains":{"BQNcAeAHN+vIpwDMxVfDBbIHyyZyYc6b5AVBlZ+iPcM6":{"chainKey":{"counter":0,"key":"wOGVjnBUUAKq2ipVGtg9JuUulGGjH+yz5FzdxqEQl08="},"chainType":1,"messageKeys":{}}},"pendingPreKey":{"signedKeyId":11,"baseKey":"BTNCD0BKN2UlHk0KVp/6WdKL5SeFWryHomaM7CHjM4p0","preKeyId":16187327}}},"version":"v1"}