{"_sessions":{"Bcb4Gr1oWXnfT6baRSJsNXAmicX1e85ubhK8SQBcSnwq":{"registrationId":1458254396,"currentRatchet":{"ephemeralKeyPair":{"pubKey":"Bcu6ewntz4ZKcQsg1K9w7G48VjkxCiuClD+xD0lgNUxj","privKey":"2DyQKNshufHaEZQQSO+06FRN0YammSS2O6nyTQbGFW4="},"lastRemoteEphemeralKey":"BTdkfWELsgl2Ecjrwp9uA8lxMb/KAiPB/et92iqGY6oe","previousCounter":0,"rootKey":"j4RGjR7G6bNR4XP1Q7Wn76vuhfPd2g6pPpgaqXnarmw="},"indexInfo":{"baseKey":"Bcb4Gr1oWXnfT6baRSJsNXAmicX1e85ubhK8SQBcSnwq","baseKeyType":1,"closed":-1,"used":1683691126026,"created":1683691126026,"remoteIdentityKey":"BXU8QlZG/E2T2/E2W6x5iE7vytksaN9yAHQhN7nsGCJv"},"_chains":{"Bcu6ewntz4ZKcQsg1K9w7G48VjkxCiuClD+xD0lgNUxj":{"chainKey":{"counter":0,"key":"tejQycVHF2U6RHdr36w8xA9GLE0jjtLeSrtLrGu7EUQ="},"chainType":1,"messageKeys":{}}},"pendingPreKey":{"signedKeyId":17,"baseKey":"Bcb4Gr1oWXnfT6baRSJsNXAmicX1e85ubhK8SQBcSnwq","preKeyId":3450917}}},"version":"v1"}