{"_sessions":{"BX7wLgv4CQ9qVlFzMApntE/zdvxGqG1+yxmsZNtnwmsA":{"registrationId":66622866,"currentRatchet":{"ephemeralKeyPair":{"pubKey":"BVWEFsBLDn0wOkC35xL+H93YZ1R41JP0T2qjtIZrvKJp","privKey":"CGNlDyKcuOHitLUxIrnd1QSlXny1zt8OxWU0P6eWr2E="},"lastRemoteEphemeralKey":"BawLxDtc/vpUvVA2cSzruAnE3uHm9dtdDZVZsM6oekhc","previousCounter":0,"rootKey":"iKd9bRUhVb89bos88sbOg3CSz2MlHi02SIw3dcfBFkQ="},"indexInfo":{"baseKey":"BX7wLgv4CQ9qVlFzMApntE/zdvxGqG1+yxmsZNtnwmsA","baseKeyType":1,"closed":-1,"used":1683691126533,"created":1683691126533,"remoteIdentityKey":"BXnBVhqsqlmOR29Ylpe9EAcnqd4GsxUkfCXTDhIg2hwl"},"_chains":{"BVWEFsBLDn0wOkC35xL+H93YZ1R41JP0T2qjtIZrvKJp":{"chainKey":{"counter":0,"key":"yujozpJjR1y6tDX8AylJgjTGL9ctrm4iF/lVOvg50Tc="},"chainType":1,"messageKeys":{}}},"pendingPreKey":{"signedKeyId":41,"baseKey":"BX7wLgv4CQ9qVlFzMApntE/zdvxGqG1+yxmsZNtnwmsA","preKeyId":10363881}}},"version":"v1"}