{"_sessions":{"BcKXk8jG8Mup7NGaGk0kAY5g+UsDxZ1wnfkUMise1CkC":{"registrationId":862034011,"currentRatchet":{"ephemeralKeyPair":{"pubKey":"BbvBuh5gonE14llw8EEjjCTLJ6qWPPJpZPVTqob0ciV/","privKey":"YJI/O9E+u7afEE0a8lNw9TBG/it2d3AFWiDI6Bv1BGA="},"lastRemoteEphemeralKey":"BSc3jZGJlpquyxbPLddzfbFCj41NO0B3AFJ2oHUPQgsP","previousCounter":0,"rootKey":"1fJlQpDkDF57EjWaKg3dk+R4KtcdfRsiZYmlxoQRGDU="},"indexInfo":{"baseKey":"BcKXk8jG8Mup7NGaGk0kAY5g+UsDxZ1wnfkUMise1CkC","baseKeyType":1,"closed":-1,"used":1683691125777,"created":1683691125777,"remoteIdentityKey":"BXtYBVnEVq2LjummC9oO1kYcmADFjYNn2++TueHcYcpV"},"_chains":{"BbvBuh5gonE14llw8EEjjCTLJ6qWPPJpZPVTqob0ciV/":{"chainKey":{"counter":0,"key":"tusondotFdWFem4B318r4ofmvWa/G1aONaEcHMCYtoc="},"chainType":1,"messageKeys":{}}},"pendingPreKey":{"signedKeyId":14,"baseKey":"BcKXk8jG8Mup7NGaGk0kAY5g+UsDxZ1wnfkUMise1CkC","preKeyId":4543989}}},"version":"v1"}