{"_sessions":{"BWvHaGOv8BY/iHw7BJovGjn3G82h9IsRx8JabkYuMvdR":{"registrationId":1672299335,"currentRatchet":{"ephemeralKeyPair":{"pubKey":"Ba71Hq5hoaJZ8iMrHGkCVXugQqodiKQYwdlCgTf9BK1f","privKey":"OKmvpev5rwQOIJfc42daRb0KCsYSWmiiQ7JRgHzfNU0="},"lastRemoteEphemeralKey":"BUMkaIJm9/M7tHUI5uUb8JhgtX9GXg6KsTx04C4tkRAB","previousCounter":0,"rootKey":"ToJOGJKql+MsbtxmimIb7kQO93xVAeNeMeX36tsLrkw="},"indexInfo":{"baseKey":"BWvHaGOv8BY/iHw7BJovGjn3G82h9IsRx8JabkYuMvdR","baseKeyType":1,"closed":-1,"used":1683691126092,"created":1683691126092,"remoteIdentityKey":"BWWPgSCf5ewsNvoIw3s0rhSw4xxiGsi3+QQWRo+usRM4"},"_chains":{"Ba71Hq5hoaJZ8iMrHGkCVXugQqodiKQYwdlCgTf9BK1f":{"chainKey":{"counter":0,"key":"u7dq28MDYe5pq26R9tt4AKV329mpm9DbJjVo5Xwd8nU="},"chainType":1,"messageKeys":{}}},"pendingPreKey":{"signedKeyId":13,"baseKey":"BWvHaGOv8BY/iHw7BJovGjn3G82h9IsRx8JabkYuMvdR","preKeyId":10754983}}},"version":"v1"}