{"_sessions":{"BSguh7xA8gjFHwOjfri1Dj9okqAAbC1bxtZGkOy23fwp":{"registrationId":196223969,"currentRatchet":{"ephemeralKeyPair":{"pubKey":"BT6hjAZs87RHrUbhryUotTQXxkyuDf1KA0E4Cpq0lV0a","privKey":"0PveuYzyfmes8BrdgNw5AaD/EHB4c/rTznJTYKBmllE="},"lastRemoteEphemeralKey":"BXdm8Rf/BbceuO8NE90geEDrpgGTzLtetg+1KWBvL79O","previousCounter":0,"rootKey":"FPelBH8QgQG5q+r32R/ZXf7Khs7IR86Z+IUA8+h/+Sk="},"indexInfo":{"baseKey":"BSguh7xA8gjFHwOjfri1Dj9okqAAbC1bxtZGkOy23fwp","baseKeyType":1,"closed":-1,"used":1683691125706,"created":1683691125706,"remoteIdentityKey":"BeUpAv6b1VQIdfVCww7B0j8uwiIJVS20NF1xzVeRFUs8"},"_chains":{"BT6hjAZs87RHrUbhryUotTQXxkyuDf1KA0E4Cpq0lV0a":{"chainKey":{"counter":0,"key":"aYTzNUoedTlRxDEWoWxMZOO6VixHl2nMOZFi5QK0Xts="},"chainType":1,"messageKeys":{}}},"pendingPreKey":{"signedKeyId":3,"baseKey":"BSguh7xA8gjFHwOjfri1Dj9okqAAbC1bxtZGkOy23fwp","preKeyId":15217929}}},"version":"v1"}