{"_sessions":{"BW0n0mKEZsGHsCxffyPDIflUyUurPNC/ghX72tALYBkh":{"registrationId":1837395616,"currentRatchet":{"ephemeralKeyPair":{"pubKey":"BUvBeMUpdpvUgnSigDPWgyK6TRe7BHJjvY6Yqc+HW3Vt","privKey":"CLJ8zT/d0JOvTD53GJSpwW3PwZaGilD2Ho09BDK1J1w="},"lastRemoteEphemeralKey":"BbFmSEO/We8OSnnGMkGZ2I4TiwqdYjgII6dd5buJOu1e","previousCounter":0,"rootKey":"iIbn7aq/CErIOQennRQvx3edD+0cAm+wEm40k2CKncM="},"indexInfo":{"baseKey":"BW0n0mKEZsGHsCxffyPDIflUyUurPNC/ghX72tALYBkh","baseKeyType":1,"closed":-1,"used":1683691126589,"created":1683691126589,"remoteIdentityKey":"BUs5qbE9F63t5hGda/ak4jdlUeyFG9gY6UrvCy9j+PgH"},"_chains":{"BUvBeMUpdpvUgnSigDPWgyK6TRe7BHJjvY6Yqc+HW3Vt":{"chainKey":{"counter":0,"key":"h21iq9tycD+0YNZ5Coh4AklkpSDe1FZ4mY1sQ53LER0="},"chainType":1,"messageKeys":{}}},"pendingPreKey":{"signedKeyId":30,"baseKey":"BW0n0mKEZsGHsCxffyPDIflUyUurPNC/ghX72tALYBkh","preKeyId":3801424}}},"version":"v1"}