{"_sessions":{"BTNn8jF08dP9Ka6G9162Pzjq80wiqRS0yjR/56TVPe1f":{"registrationId":742020592,"currentRatchet":{"ephemeralKeyPair":{"pubKey":"BT7ZQJbEm6Xp1N0p/8mRCA08RucU1GIFA5bSIWbMbWoD","privKey":"APtrgj5wgIhA9sDAjDXJcJwEVPqMCZ7LgmP3hRpSvH8="},"lastRemoteEphemeralKey":"BfhSYp9p8SEZRbZLevubw4sX9RYO9Phgb51CrAFQtPQt","previousCounter":0,"rootKey":"BaQeDf/arGEsaQmF6UxD4K5yBPeFdAsAI9CfcCdjhAk="},"indexInfo":{"baseKey":"BTNn8jF08dP9Ka6G9162Pzjq80wiqRS0yjR/56TVPe1f","baseKeyType":1,"closed":-1,"used":1683691126471,"created":1683691126471,"remoteIdentityKey":"BYcpaHV9sQI8WI0IVMIELaep80ZjIyJ4n/8aYVkL75wV"},"_chains":{"BT7ZQJbEm6Xp1N0p/8mRCA08RucU1GIFA5bSIWbMbWoD":{"chainKey":{"counter":0,"key":"8Z1OnczOqZLgSbPhsW5DGnx2oOohVobdVh4lE7xyac0="},"chainType":1,"messageKeys":{}}},"pendingPreKey":{"signedKeyId":1,"baseKey":"BTNn8jF08dP9Ka6G9162Pzjq80wiqRS0yjR/56TVPe1f","preKeyId":11049933}}},"version":"v1"}