{"_sessions":{"BWS3WcFx24GtRfGeYrLrefqL/DP7IHDfh592kjcWtSN4":{"registrationId":666854507,"currentRatchet":{"ephemeralKeyPair":{"pubKey":"BT1lFSKTQLtFMZdWKMbTqOydF6lGu/KQnkXMea90GeJx","privKey":"OHF9FJO2M3Nud47LToIfbp7wYwCy0KnnS1HkxPt4e0s="},"lastRemoteEphemeralKey":"BW109LVMvjCK8klJdjbRMm/1+btTjPNhUmMSqYVmWf8M","previousCounter":0,"rootKey":"I0lSruq0VNyRJazID4Iq9AHeUOI29Otja7dzEd3jHXY="},"indexInfo":{"baseKey":"BWS3WcFx24GtRfGeYrLrefqL/DP7IHDfh592kjcWtSN4","baseKeyType":1,"closed":-1,"used":1683691125582,"created":1683691125582,"remoteIdentityKey":"Bf5e/01hoC4OlhSRndMo0DK/PAo5lF/YLLrC93/0ga1o"},"_chains":{"BT1lFSKTQLtFMZdWKMbTqOydF6lGu/KQnkXMea90GeJx":{"chainKey":{"counter":0,"key":"xKLAKhF9CuMD4UILI5mmL1Vw/aEUPAfAMuI0McLcY8w="},"chainType":1,"messageKeys":{}}},"pendingPreKey":{"signedKeyId":1,"baseKey":"BWS3WcFx24GtRfGeYrLrefqL/DP7IHDfh592kjcWtSN4"}}},"version":"v1"}