{"_sessions":{"BcYGrxGZoxNiT8IpWWJbPMOUkbLBvtulsfrLQz70Chwj":{"registrationId":2093884391,"currentRatchet":{"ephemeralKeyPair":{"pubKey":"BUi9K+W6L12TTlIALS1h1TQpPu+nU39vGh7I0nHxQely","privKey":"KGJSua5e0or9thcu4TOIeyUqRYT4D6G/W+sL8YSqwn8="},"lastRemoteEphemeralKey":"BZ95g8dJK7IAKId8aZseDvnugWEIKiYvhw71Vwmc0UpK","previousCounter":0,"rootKey":"5Ep/OLOgipGrFpvIjMD54l9yZZoEqrLrbCtjdy9Q0lc="},"indexInfo":{"baseKey":"BcYGrxGZoxNiT8IpWWJbPMOUkbLBvtulsfrLQz70Chwj","baseKeyType":1,"closed":-1,"used":1683691126754,"created":1683691126754,"remoteIdentityKey":"BdkYjR5rZerurecZqS7xfjcgATCDJmxBT1nCc7aMX9kL"},"_chains":{"BUi9K+W6L12TTlIALS1h1TQpPu+nU39vGh7I0nHxQely":{"chainKey":{"counter":0,"key":"DjF7CPDsECfFIPEuTRQe9Kya6nAFMooaUT/BmCeeGqM="},"chainType":1,"messageKeys":{}}},"pendingPreKey":{"signedKeyId":6,"baseKey":"BcYGrxGZoxNiT8IpWWJbPMOUkbLBvtulsfrLQz70Chwj","preKeyId":12899266}}},"version":"v1"}