{"_sessions":{"BY5X20fO3ULJ/eeET6f51RqmJiz+DMRoaXEblw3LcF4W":{"registrationId":141,"currentRatchet":{"ephemeralKeyPair":{"pubKey":"BT8sBcNKl2pMcCETFu0R7ssnXSGHnlPIMi3yC8MymKdd","privKey":"QLO0Svr1FXXdpuB2w3U6+/7qxqkZ5lVub2vzm2gQ9GE="},"lastRemoteEphemeralKey":"BYLtRL1/PPs0kEeBHB6UHkdKDTDyO7TE12SLUpFEueNV","previousCounter":0,"rootKey":"nxLb7YUG6Inlk968CrIzHy7nCogQjtoczgFcUxgntcI="},"indexInfo":{"baseKey":"BY5X20fO3ULJ/eeET6f51RqmJiz+DMRoaXEblw3LcF4W","baseKeyType":1,"closed":-1,"used":1683691125680,"created":1683691125680,"remoteIdentityKey":"BbqgZbTRmLkEbWnUyy1kQ635rQrQRcMLCF4MrRF2MlNT"},"_chains":{"BT8sBcNKl2pMcCETFu0R7ssnXSGHnlPIMi3yC8MymKdd":{"chainKey":{"counter":0,"key":"fM8d/Iqc1dR1hsFW6OTs8lwVWKgzKPcLFhwxLj6emAA="},"chainType":1,"messageKeys":{}}},"pendingPreKey":{"signedKeyId":1,"baseKey":"BY5X20fO3ULJ/eeET6f51RqmJiz+DMRoaXEblw3LcF4W"}}},"version":"v1"}