{"_sessions":{"BYGseH1La0dwRNfuM3qgjI7HUMUO6OLoDirg8jYZe+os":{"registrationId":851597402,"currentRatchet":{"ephemeralKeyPair":{"pubKey":"BZp1D84q1gBSVfsBkCk1W7GDMg3WTl/47BePq6872NQz","privKey":"MCwAxA2LgMtxpu4W5TJbcTlZNcfMPRuQkNnctecXpU4="},"lastRemoteEphemeralKey":"BY6oRj++FUd6eQ+HZGvVhqa+QbhJWuYgcdNJSkHxinkd","previousCounter":0,"rootKey":"ATnwAkdsMHtt39HMWJEJmM1rSLqTsxBV7mAux20m4+U="},"indexInfo":{"baseKey":"BYGseH1La0dwRNfuM3qgjI7HUMUO6OLoDirg8jYZe+os","baseKeyType":1,"closed":-1,"used":1683691126207,"created":1683691126207,"remoteIdentityKey":"BSwB+14QI9hjRftdEMfO1spLwYwmZz4omwikS4oARZQd"},"_chains":{"BZp1D84q1gBSVfsBkCk1W7GDMg3WTl/47BePq6872NQz":{"chainKey":{"counter":0,"key":"uXw+MGIXw9FpwfJbtHpoK6PXCOYhF/DA41F5LNZdN8Y="},"chainType":1,"messageKeys":{}}},"pendingPreKey":{"signedKeyId":1,"baseKey":"BYGseH1La0dwRNfuM3qgjI7HUMUO6OLoDirg8jYZe+os","preKeyId":9972775}}},"version":"v1"}