{"_sessions":{"BVgxDECpkj1krEcCBkPOrpWmvmvLNh51tm02OfoPZ8xH":{"registrationId":1946459992,"currentRatchet":{"ephemeralKeyPair":{"pubKey":"BXqmK38FVevmyBJ3KA98LM3WeA2fHIpX1QEGf0G8Nioj","privKey":"CCmoTKP3lv2O/XtKu/MM6gxwCMqqrzdHXUf97Q7zY2Q="},"lastRemoteEphemeralKey":"BY1Oc37NZgNdDljBhmooEe63tCX4Yzuay9s20Pp2pzsY","previousCounter":0,"rootKey":"Bip1ZNI2yp+p/rZKbwpmnb89w+GATpHLTAUx6BHRAUw="},"indexInfo":{"baseKey":"BVgxDECpkj1krEcCBkPOrpWmvmvLNh51tm02OfoPZ8xH","baseKeyType":1,"closed":-1,"used":1683691126720,"created":1683691126720,"remoteIdentityKey":"Bdng18KIioUmNoqkQaenO0FllQ7zejovMb8sJ7Ec/vIW"},"_chains":{"BXqmK38FVevmyBJ3KA98LM3WeA2fHIpX1QEGf0G8Nioj":{"chainKey":{"counter":0,"key":"h7VPATkoxsCfTQFQOK520ylcjRCs43p6ueAtiWbxuB0="},"chainType":1,"messageKeys":{}}},"pendingPreKey":{"signedKeyId":0,"baseKey":"BVgxDECpkj1krEcCBkPOrpWmvmvLNh51tm02OfoPZ8xH","preKeyId":15325788}}},"version":"v1"}