{"_sessions":{"BW2lkt5SD28fUB4srAYbfsE29oyShCEOvn5KGTeOypVT":{"registrationId":1721796985,"currentRatchet":{"ephemeralKeyPair":{"pubKey":"BY5VOMu2O6U7olC+XDctyVhVb7iKXVaEQm/zDaV62/hE","privKey":"UJ9c/8X3Ime2dpp1a6dScuaXA6Rez4ovppqdj55pNG8="},"lastRemoteEphemeralKey":"BaHo35cJge9+l1Ayi8DsFedsOCvz5ToIBMz8h43rwDd2","previousCounter":0,"rootKey":"cAiEbhBAHGv+k6IXliN3kLoqRcFyN76sRbwEPeHYRuw="},"indexInfo":{"baseKey":"BW2lkt5SD28fUB4srAYbfsE29oyShCEOvn5KGTeOypVT","baseKeyType":1,"closed":-1,"used":1683691125858,"created":1683691125858,"remoteIdentityKey":"BeiWJD0ZpvtGfqqbnWvT+NfUoNfjkITuvpGA1UmatOsu"},"_chains":{"BY5VOMu2O6U7olC+XDctyVhVb7iKXVaEQm/zDaV62/hE":{"chainKey":{"counter":0,"key":"j9OY9ZP38xNzBCgAw14xQA0LGuAlPVuJgwj4uAhHk7I="},"chainType":1,"messageKeys":{}}},"pendingPreKey":{"signedKeyId":11,"baseKey":"BW2lkt5SD28fUB4srAYbfsE29oyShCEOvn5KGTeOypVT","preKeyId":6919788}}},"version":"v1"}