{"_sessions":{"BVENgOYBW4KFv00yjHq019Rz2SwxKdge0ti3NZ0n/9AG":{"registrationId":1127539715,"currentRatchet":{"ephemeralKeyPair":{"pubKey":"BRofccGfNcvF7W1Fr9vMSvcB52rum8jOEkjqw74i/MtK","privKey":"MIJHvwylCKUyfAGvN8P3RoLQUKr0qXnK9eyzhGm9AXI="},"lastRemoteEphemeralKey":"BbH4eFJFK8FyPaTgnvq1gBQ8jrk6fc2fFtKWpsZfA7RW","previousCounter":0,"rootKey":"BRH60O6q1yBCzlZV2QJj7VqMihLUidhCl6mokmf2vAM="},"indexInfo":{"baseKey":"BVENgOYBW4KFv00yjHq019Rz2SwxKdge0ti3NZ0n/9AG","baseKeyType":1,"closed":-1,"used":1683691126099,"created":1683691126099,"remoteIdentityKey":"BbA3MDDvTsljxYbP87LLwl2LSUWsq1xr4V7SO59d83hI"},"_chains":{"BRofccGfNcvF7W1Fr9vMSvcB52rum8jOEkjqw74i/MtK":{"chainKey":{"counter":0,"key":"QT6+MQzkawOIox4sA1aK2yzZIJy1AMpdj1La1z0fckk="},"chainType":1,"messageKeys":{}}},"pendingPreKey":{"signedKeyId":11,"baseKey":"BVENgOYBW4KFv00yjHq019Rz2SwxKdge0ti3NZ0n/9AG","preKeyId":10423411}}},"version":"v1"}