{"_sessions":{"Bf/RfqgOdw3CI7LRFnaw21soMhz2UKaryN9xryNi4yR2":{"registrationId":12395,"currentRatchet":{"ephemeralKeyPair":{"pubKey":"BUWMAJZxEMJQeRHqmQ1M3UjTiv6jsc9SBS5Qy94Mbg1p","privKey":"OEtJjqsUqjUtQdQkMBnRN+SjURobFLp9lqFotF4/enA="},"lastRemoteEphemeralKey":"BUp+gJonORF03E2PVL7LTxW98Nfmf144gnahcE7IES5E","previousCounter":0,"rootKey":"q7yHrzP/PAEn4DaJ+TBDEYMJfwtGO0hb3q9/Rn//yzk="},"indexInfo":{"baseKey":"Bf/RfqgOdw3CI7LRFnaw21soMhz2UKaryN9xryNi4yR2","baseKeyType":1,"closed":-1,"used":1683249895638,"created":1683249895638,"remoteIdentityKey":"BSeDcnnWhBDJdYnc8raAnlW5DEPGJhJFRHFucTs/TGMV"},"_chains":{"BUWMAJZxEMJQeRHqmQ1M3UjTiv6jsc9SBS5Qy94Mbg1p":{"chainKey":{"counter":0,"key":"J1IcpHSlgAdAs7aY5uFSxoV8XgbN9sRwyOqENZ5KkOA="},"chainType":1,"messageKeys":{}}},"pendingPreKey":{"signedKeyId":1,"baseKey":"Bf/RfqgOdw3CI7LRFnaw21soMhz2UKaryN9xryNi4yR2"}}},"version":"v1"}