{"_sessions":{"BcUVsmJAh+Xfl926Xi13c9JryCfHTutExZwtQq3gc4kp":{"registrationId":1451191021,"currentRatchet":{"ephemeralKeyPair":{"pubKey":"BVe+EJMPYQX7wr7TGkYdofrKlhEvcpxSbjoY1aj46MF2","privKey":"OL/KwqXOZaLAYSLkFbGbtSOg0WvUfnPMRlY2BfJNlmc="},"lastRemoteEphemeralKey":"BShqB41uaQn9KzdwvB4eR3wLKfbjA+7dNZG+uXkivkcN","previousCounter":0,"rootKey":"msixb546YXIF+Gblyo7G3+MOpGjpi04DGrTVCt+6lUE="},"indexInfo":{"baseKey":"BcUVsmJAh+Xfl926Xi13c9JryCfHTutExZwtQq3gc4kp","baseKeyType":1,"closed":-1,"used":1683691126662,"created":1683691126662,"remoteIdentityKey":"BS1thacRLpVGp7WGYjRF5HBczUc8ma3/kvUM5W3daZNo"},"_chains":{"BVe+EJMPYQX7wr7TGkYdofrKlhEvcpxSbjoY1aj46MF2":{"chainKey":{"counter":0,"key":"Qb++ycr28ePrbrpKcXirUH4zMdxz8qrUKa2RPtmo4BY="},"chainType":1,"messageKeys":{}}},"pendingPreKey":{"signedKeyId":2,"baseKey":"BcUVsmJAh+Xfl926Xi13c9JryCfHTutExZwtQq3gc4kp","preKeyId":5969996}}},"version":"v1"}