{"_sessions":{"BSRZkbd/jjAoR5ggbM/5wdv2p18lGrf3rWPWG3FZDLM5":{"registrationId":1306299511,"currentRatchet":{"ephemeralKeyPair":{"pubKey":"BdY6oy6084tTMPy9VuR1gNWAOXK+4gHenMqVCbJ6Qm8F","privKey":"SLYzw+xiu/exwBa0/0sqzFdyRIp6gDvBaME68lm+B0U="},"lastRemoteEphemeralKey":"BXuhiiR1njDq7TRRBB1Ogp8KkuIVxXu0qpwzt4ThRAYX","previousCounter":0,"rootKey":"pcnUY0626HguqzpJQUKMx6WLgVUnj00qiYpHhss+tHo="},"indexInfo":{"baseKey":"BSRZkbd/jjAoR5ggbM/5wdv2p18lGrf3rWPWG3FZDLM5","baseKeyType":1,"closed":-1,"used":1683691126797,"created":1683691126797,"remoteIdentityKey":"BfpTrfj2jKTH8qFFiCl0kk9tiRklBo0cxWMolNwtfBIb"},"_chains":{"BdY6oy6084tTMPy9VuR1gNWAOXK+4gHenMqVCbJ6Qm8F":{"chainKey":{"counter":0,"key":"yMf0JCE1vsCUDNVVtG4Nn3rSY4xWuGE+q3yfK9Y8l/M="},"chainType":1,"messageKeys":{}}},"pendingPreKey":{"signedKeyId":3,"baseKey":"BSRZkbd/jjAoR5ggbM/5wdv2p18lGrf3rWPWG3FZDLM5","preKeyId":14664547}}},"version":"v1"}