{"_sessions":{"BZWM5pOnI+M1Pq+xCT1CEfKL0jdf/EgPhXx8XvriI2I5":{"registrationId":2069477051,"currentRatchet":{"ephemeralKeyPair":{"pubKey":"BZzZPAx5lhG+ZSe66eCttSTWjyLILv6BcMCCXccCYxYm","privKey":"kKtJEFVepSBaaop40ZSBUECS2tF110xdPL5xx3B26Vs="},"lastRemoteEphemeralKey":"BQLWmGXde1j9dq0X6NhtUh4Mv2a/zIF3OvO13CXZXehe","previousCounter":0,"rootKey":"gEbbb+j+5vAKTy3T5HTNonqNYgWGVp5m8kRKda5Yxfs="},"indexInfo":{"baseKey":"BZWM5pOnI+M1Pq+xCT1CEfKL0jdf/EgPhXx8XvriI2I5","baseKeyType":1,"closed":-1,"used":1683691126344,"created":1683691126344,"remoteIdentityKey":"BZizwXjux8IIHqanmjW2NJcYLD40lkOx92tiOTrUGR41"},"_chains":{"BZzZPAx5lhG+ZSe66eCttSTWjyLILv6BcMCCXccCYxYm":{"chainKey":{"counter":0,"key":"iYkhIi60l8OfJ8yG9HPEzILKUPOUyt653z309ikmnJ4="},"chainType":1,"messageKeys":{}}},"pendingPreKey":{"signedKeyId":1,"baseKey":"BZWM5pOnI+M1Pq+xCT1CEfKL0jdf/EgPhXx8XvriI2I5","preKeyId":13431409}}},"version":"v1"}