{"_sessions":{"BYidkP7Qcqw95uWT8G3s5KTenj4/l/130YfPZdlwaz8s":{"registrationId":1791701779,"currentRatchet":{"ephemeralKeyPair":{"pubKey":"BWlLSvsEPVm2rWWif9RLwaj/B7NqsG43i8h/cHiFB+A8","privKey":"yOkkmPfK0js4nfk2tqq2x1MYItAGzFEkncQOLTWr9Vc="},"lastRemoteEphemeralKey":"BQbOmHADKB1eE9UXhRmLhE3i7YRcYXyUySRwMgqAYUgB","previousCounter":0,"rootKey":"3gjavNz0qJLNWkrT//VJJDJQ9g/c8QsuQfZajNFRca0="},"indexInfo":{"baseKey":"BYidkP7Qcqw95uWT8G3s5KTenj4/l/130YfPZdlwaz8s","baseKeyType":1,"closed":-1,"used":1683691126970,"created":1683691126970,"remoteIdentityKey":"BTfhVBnNic0NM8I9tNY6NUMmOI2j4D6S+pAaZW1l864Y"},"_chains":{"BWlLSvsEPVm2rWWif9RLwaj/B7NqsG43i8h/cHiFB+A8":{"chainKey":{"counter":0,"key":"EBQz0iSilcPCIfAevlDvNNqa96p+0JTqochuzgsn4DM="},"chainType":1,"messageKeys":{}}},"pendingPreKey":{"signedKeyId":0,"baseKey":"BYidkP7Qcqw95uWT8G3s5KTenj4/l/130YfPZdlwaz8s","preKeyId":12275674}}},"version":"v1"}