{"_sessions":{"BdgtQzpazCsmw5kAEUkCmSEuitiX4CvjlS0aDK0pcQFf":{"registrationId":1538255423,"currentRatchet":{"ephemeralKeyPair":{"pubKey":"BUTESYvtzPZoU+pbsnsCpGw1BZID1KB8LAKOcg2lwalj","privKey":"gNWoIErQVQG2rXjCu0p2jY7LTUj1evIhCY+8XAsQ4HM="},"lastRemoteEphemeralKey":"BSjq0osvAz6NnZbOZljbgf2irn0m9KswM8Jlpd89WFJp","previousCounter":0,"rootKey":"TRG3vAg4JwzX+d4H2jx13PJp87WugWAcMRHOq5zuhXw="},"indexInfo":{"baseKey":"BdgtQzpazCsmw5kAEUkCmSEuitiX4CvjlS0aDK0pcQFf","baseKeyType":1,"closed":-1,"used":1683691126354,"created":1683691126354,"remoteIdentityKey":"BWXgPBkdvFjPF1UXTs1fsn7QwvGBHWYFpQ144IsuY1x+"},"_chains":{"BUTESYvtzPZoU+pbsnsCpGw1BZID1KB8LAKOcg2lwalj":{"chainKey":{"counter":0,"key":"CJ68Vq8vPXmNK2UdKLvlRSbPkBiKRPHQZNj9zXRcF8k="},"chainType":1,"messageKeys":{}}},"pendingPreKey":{"signedKeyId":1,"baseKey":"BdgtQzpazCsmw5kAEUkCmSEuitiX4CvjlS0aDK0pcQFf","preKeyId":14005340}}},"version":"v1"}