{"_sessions":{"BT045pz9CXS9aMiyZvU4SvRcXGEt76eaRk+HKPdLTKJy":{"registrationId":730448793,"currentRatchet":{"ephemeralKeyPair":{"pubKey":"BVg9DRz8RYjiQyYh6KhlWdVPjl68gQ5W4XhQyvFxRyt1","privKey":"ABZ05gB7ArZYMN69EU/mXdlUWaY8Oiw297OutriELF8="},"lastRemoteEphemeralKey":"BYlpmm3aWvEd28/OXaEzZbkrBPo5SA8CQggrZg7tYH1F","previousCounter":0,"rootKey":"5Wlo7Z3oHJVy+Zy2RDzeRftGtQACfYI9E5N6jhPvx8E="},"indexInfo":{"baseKey":"BT045pz9CXS9aMiyZvU4SvRcXGEt76eaRk+HKPdLTKJy","baseKeyType":1,"closed":-1,"used":1683691125865,"created":1683691125865,"remoteIdentityKey":"BT9sVU5Vd8GIvgI3GDy/+QYBuHec1Yqlo5zZ1lsofhwb"},"_chains":{"BVg9DRz8RYjiQyYh6KhlWdVPjl68gQ5W4XhQyvFxRyt1":{"chainKey":{"counter":0,"key":"KD2Gm7qzbxkzwHrCyc6eULe92jkiTVa5Jijcu3VYF+g="},"chainType":1,"messageKeys":{}}},"pendingPreKey":{"signedKeyId":0,"baseKey":"BT045pz9CXS9aMiyZvU4SvRcXGEt76eaRk+HKPdLTKJy","preKeyId":7847805}}},"version":"v1"}