{"_sessions":{"Ba7/k5sGod69BSe9FGXCs9lnuqb/o45D8CL5jf4boN0L":{"registrationId":14674,"currentRatchet":{"ephemeralKeyPair":{"pubKey":"BX2sXoIBHo43389GgBXnAWY+wXy8M4Tkj5Dv9jx3wAh9","privKey":"yMaTtg2Kj77TOJNQmtKW/9CtyI9ZNV4Z7dTiRQnAE3k="},"lastRemoteEphemeralKey":"BRN4tzptLegA2d0osYM4gqwqa9590++4XrV98uG2LZwy","previousCounter":0,"rootKey":"W1KP974vZGsaumkhCDttdjj/CSuYcT1RQ4MBou50xoA="},"indexInfo":{"baseKey":"Ba7/k5sGod69BSe9FGXCs9lnuqb/o45D8CL5jf4boN0L","baseKeyType":1,"closed":-1,"used":1683691125638,"created":1683691125638,"remoteIdentityKey":"BQWPHds325grJ0UIBdK9Wf1rgwOGjuwXjwTfJvEZm3o4"},"_chains":{"BX2sXoIBHo43389GgBXnAWY+wXy8M4Tkj5Dv9jx3wAh9":{"chainKey":{"counter":0,"key":"Fp/AP2DJq5R9IOk8+/QSCgdOjSYJWyBqMn3HrsjQn2M="},"chainType":1,"messageKeys":{}}},"pendingPreKey":{"signedKeyId":1,"baseKey":"Ba7/k5sGod69BSe9FGXCs9lnuqb/o45D8CL5jf4boN0L","preKeyId":5202}}},"version":"v1"}