{"_sessions":{"BR5I17y9cnH+12SllTqszH/VI51zp8u/lrQ7i3Rkwrx7":{"registrationId":406101005,"currentRatchet":{"ephemeralKeyPair":{"pubKey":"BdLGbHLgFp4VqWWgW0Yv8CXyTcP2TaEW9WeYVeImQyQZ","privKey":"EPePQ1HzrS06cim1iouGEwyjhEDYcUqOts+uVH9MJVI="},"lastRemoteEphemeralKey":"BWeH1MfM5CtfaKgFE8vGZfDP81gD2emesGzKSaOioWB3","previousCounter":0,"rootKey":"sIR4CwstZ+i0nHDFWEO7t63hjA15uTS1ssygPBBfn9M="},"indexInfo":{"baseKey":"BR5I17y9cnH+12SllTqszH/VI51zp8u/lrQ7i3Rkwrx7","baseKeyType":1,"closed":-1,"used":1683691126277,"created":1683691126277,"remoteIdentityKey":"BSYIaNysYoV8YaDMWvso4vIq1Xnx1gjlnlZ3k9ZjsLJn"},"_chains":{"BdLGbHLgFp4VqWWgW0Yv8CXyTcP2TaEW9WeYVeImQyQZ":{"chainKey":{"counter":0,"key":"CHVsiG5PhBaWaVuTScpGIxOwGsj617BOq9CgU/uBGeI="},"chainType":1,"messageKeys":{}}},"pendingPreKey":{"signedKeyId":13,"baseKey":"BR5I17y9cnH+12SllTqszH/VI51zp8u/lrQ7i3Rkwrx7","preKeyId":12478463}}},"version":"v1"}