{"_sessions":{"BVnKZ+AcensASUmb8WVMHgEila/ifn+EH2aiEChq9M4x":{"registrationId":508994567,"currentRatchet":{"ephemeralKeyPair":{"pubKey":"BV8MY1dJRxhB8CdbAE+hvZ0OmX3uA3mfyE98eSFUwTRN","privKey":"UEOY2XyNcJ9hQrGYjRWfcJqUoC7ri+okyEh7Q/JRxkA="},"lastRemoteEphemeralKey":"BQVDNU0MYVUP0zHZsDjoSEkhNdodAyDs0jTo9V/eyv9q","previousCounter":0,"rootKey":"zrdHbonqxr500RmHXikUZJvEL9OkCPmVZtG88ybxOqU="},"indexInfo":{"baseKey":"BVnKZ+AcensASUmb8WVMHgEila/ifn+EH2aiEChq9M4x","baseKeyType":1,"closed":-1,"used":1683691125984,"created":1683691125984,"remoteIdentityKey":"BdYk7pBCruiXqLs6Srgqf6THyK4sTRWJZa6GHQYnx3Ro"},"_chains":{"BV8MY1dJRxhB8CdbAE+hvZ0OmX3uA3mfyE98eSFUwTRN":{"chainKey":{"counter":0,"key":"lYIF6cmAW/HWkglt1hOll+GPSLfz8Ogbo+YpoJ+1qQo="},"chainType":1,"messageKeys":{}}},"pendingPreKey":{"signedKeyId":11,"baseKey":"BVnKZ+AcensASUmb8WVMHgEila/ifn+EH2aiEChq9M4x","preKeyId":16366739}}},"version":"v1"}