{"_sessions":{"BXcJRe6RFWzwAhEbWnkTAQyiBA50xV4olJ8DbHrZgdAF":{"registrationId":1459478643,"currentRatchet":{"ephemeralKeyPair":{"pubKey":"BSp/dv+TWNPDGc6ABzClqnifv4xJwp6bQmJRjNlgjkI3","privKey":"mDqyhYxidRj2gqAqcXAujKTujzigwQEfSKZdpXSXpXg="},"lastRemoteEphemeralKey":"BeZfBDJk6qdsK+OC6bvSySStYeuQjp5TRs/57bJxzg4R","previousCounter":0,"rootKey":"yGi1omkgimgSUYhinVkQ3SC1lsmmoxc0eGWicGvrie0="},"indexInfo":{"baseKey":"BXcJRe6RFWzwAhEbWnkTAQyiBA50xV4olJ8DbHrZgdAF","baseKeyType":1,"closed":-1,"used":1683691126981,"created":1683691126981,"remoteIdentityKey":"BYWarfbZFK2AyZFfRpXldZg502vBwOOx3qb7Z7Jq7ec5"},"_chains":{"BSp/dv+TWNPDGc6ABzClqnifv4xJwp6bQmJRjNlgjkI3":{"chainKey":{"counter":0,"key":"D6KbdF+sMJ77U0IFJUus+llckl/kXBrCTmiokZ2CPSE="},"chainType":1,"messageKeys":{}}},"pendingPreKey":{"signedKeyId":1,"baseKey":"BXcJRe6RFWzwAhEbWnkTAQyiBA50xV4olJ8DbHrZgdAF"}}},"version":"v1"}