{"_sessions":{"Bcdcc1ygmYgf5yJeqm7j+811YzKImGdBmHuU/RT6f24J":{"registrationId":372640115,"currentRatchet":{"ephemeralKeyPair":{"pubKey":"BZjMnJ+Qe5V8Xy311lu7aDAW99obs2GqFGN/hIu3N6dk","privKey":"cDiAUJF9qasmMI/qlTQPx5Aov/lTEPJ5+pYFIlpxQEY="},"lastRemoteEphemeralKey":"BYw4eIfa/b9jJLoRZ7VHhpFIcv+KhGvF+AAtsHw7ZJwZ","previousCounter":0,"rootKey":"9gj7n3I7Z0GjYAOwXlv7y7t0tQqcbADFItrHNqCby48="},"indexInfo":{"baseKey":"Bcdcc1ygmYgf5yJeqm7j+811YzKImGdBmHuU/RT6f24J","baseKeyType":1,"closed":-1,"used":1683691126747,"created":1683691126747,"remoteIdentityKey":"BQkW04b8jJLmQS9PTtgVT/hL5Sh+7/wJJPBiGeXhyPAM"},"_chains":{"BZjMnJ+Qe5V8Xy311lu7aDAW99obs2GqFGN/hIu3N6dk":{"chainKey":{"counter":0,"key":"7S2trJBcqMNUpjVParjZtwZhFMW5tmE8yiT4kio0Elk="},"chainType":1,"messageKeys":{}}},"pendingPreKey":{"signedKeyId":1,"baseKey":"Bcdcc1ygmYgf5yJeqm7j+811YzKImGdBmHuU/RT6f24J","preKeyId":7727549}}},"version":"v1"}