{"_sessions":{"BZ8GO7/m25qwxpB81mnU5I3TS+gWUURHGoCzTuD2vdxd":{"registrationId":234099768,"currentRatchet":{"ephemeralKeyPair":{"pubKey":"BQnBLCCweh2D3DvMi6WBoX2A9UIqWENu39eutlTgiJpL","privKey":"WHAxVvAeHyhtxgQKYjtDuenZ+ckBrqqSDt4Y/ncF7nE="},"lastRemoteEphemeralKey":"BWscwcBCy61FiQgJopahllQX+MVsZ9/XWp3MLf/0yZRA","previousCounter":0,"rootKey":"kCGS1bxJ7rQx8ph4CPNUvthUnHkeCWjFJfVWSeZ7JTc="},"indexInfo":{"baseKey":"BZ8GO7/m25qwxpB81mnU5I3TS+gWUURHGoCzTuD2vdxd","baseKeyType":1,"closed":-1,"used":1683691126123,"created":1683691126123,"remoteIdentityKey":"BQi8Ob1VpGyeSMMIyLVYPqICjbHUUFuMyCdSx2nL9poy"},"_chains":{"BQnBLCCweh2D3DvMi6WBoX2A9UIqWENu39eutlTgiJpL":{"chainKey":{"counter":0,"key":"GQ/IlISiwVod+E0it3yw7eUlboO40Cq25az9Y3BQxkc="},"chainType":1,"messageKeys":{}}},"pendingPreKey":{"signedKeyId":34,"baseKey":"BZ8GO7/m25qwxpB81mnU5I3TS+gWUURHGoCzTuD2vdxd","preKeyId":8984419}}},"version":"v1"}