{"_sessions":{"BdlGPlpkcrEYC0ys807LITdmCicUsn29dcI5W5c228Zz":{"registrationId":1854607154,"currentRatchet":{"ephemeralKeyPair":{"pubKey":"BRcufcxHKy2OEeAXnhsipKd/U0oPk3ys0b6+q5s1fTsM","privKey":"8Pe84QCSRt2TbghwYeMKpDq5YMK+UNuLvWn0Pz//lVk="},"lastRemoteEphemeralKey":"BSwuuVVNBk3y5IQSyANqfoSM6ZwltrWJArfys5JBa1JW","previousCounter":0,"rootKey":"8RsEFGb1dS9Qw14X9Ekm+RDVpwP9C8SD3YAstxHCxho="},"indexInfo":{"baseKey":"BdlGPlpkcrEYC0ys807LITdmCicUsn29dcI5W5c228Zz","baseKeyType":1,"closed":-1,"used":1683691126505,"created":1683691126505,"remoteIdentityKey":"BQUYHYa/BPJ5kMwK5toTChqst65U65UM9wqAFZUrtLF1"},"_chains":{"BRcufcxHKy2OEeAXnhsipKd/U0oPk3ys0b6+q5s1fTsM":{"chainKey":{"counter":0,"key":"ZSYOTjmVIyMI5LAG6VlWAeq44nfdQLwlx4jsvXP1L6I="},"chainType":1,"messageKeys":{}}},"pendingPreKey":{"signedKeyId":2,"baseKey":"BdlGPlpkcrEYC0ys807LITdmCicUsn29dcI5W5c228Zz","preKeyId":222153}}},"version":"v1"}