{"_sessions":{"BYaVI23aIX3bGvuisWwXqXQzlXtlBeZLa98H9Wb7XEgN":{"registrationId":7243,"currentRatchet":{"ephemeralKeyPair":{"pubKey":"BWZ4eIyXJRgq/nfun/iNeaYSpzs/giNn9DXYvbF9ejNP","privKey":"EPcUllWvjuxZOE3mRaFO+i8hAweSVNhWbqfzr0S+i2o="},"lastRemoteEphemeralKey":"BcN1JW2WKdO6UkdyASuymhE+wPLtIrFrQuGqyjCj7D02","previousCounter":0,"rootKey":"E4OXaXAdk+djx8AoacSGwkR59OZg7vcPxWO128ghA2M="},"indexInfo":{"baseKey":"BYaVI23aIX3bGvuisWwXqXQzlXtlBeZLa98H9Wb7XEgN","baseKeyType":1,"closed":-1,"used":1683691635178,"created":1683691635178,"remoteIdentityKey":"BTqLINscaX8pzy5b9gwRMxK37Yq/0APLY8gwxTi5tFpU"},"_chains":{"BWZ4eIyXJRgq/nfun/iNeaYSpzs/giNn9DXYvbF9ejNP":{"chainKey":{"counter":9,"key":"BT4YJmUrSJtVgJZlQziTQf1oxmafUwYtfS1ULSI6fSo="},"chainType":1,"messageKeys":{}}},"pendingPreKey":{"signedKeyId":1,"baseKey":"BYaVI23aIX3bGvuisWwXqXQzlXtlBeZLa98H9Wb7XEgN","preKeyId":37}}},"version":"v1"}