{"_sessions":{"BeGXhRapdrA1IpG+KYyd5ZWuDJWGRjcHdmvgTYdfeIEd":{"registrationId":623108860,"currentRatchet":{"ephemeralKeyPair":{"pubKey":"BWF7W7QbrlW2zj1aTwLIFYIxnsSi6QyncbCEOD9NBXkO","privKey":"gBEQl0VTg/OZaB/rYGSUVYLjISQwAxiVOC68WytOTE4="},"lastRemoteEphemeralKey":"BSz/32mJlDKWgh8ATj/LzDe9nEtnWSgudyRs4IytqPVC","previousCounter":0,"rootKey":"hSYydb1NMiKww5Vr5V2NjaTIbNST71tS/vrfBG2hlZo="},"indexInfo":{"baseKey":"BeGXhRapdrA1IpG+KYyd5ZWuDJWGRjcHdmvgTYdfeIEd","baseKeyType":1,"closed":-1,"used":1683691126924,"created":1683691126924,"remoteIdentityKey":"BeEGe8l/12+WCBFkpGsRg4417QB1l7+vad9pYl2xL9pG"},"_chains":{"BWF7W7QbrlW2zj1aTwLIFYIxnsSi6QyncbCEOD9NBXkO":{"chainKey":{"counter":0,"key":"rIfBJELKd/bt2d4vtgY6fmkShI4Q3Uzmfps5/mq6sdQ="},"chainType":1,"messageKeys":{}}},"pendingPreKey":{"signedKeyId":1,"baseKey":"BeGXhRapdrA1IpG+KYyd5ZWuDJWGRjcHdmvgTYdfeIEd","preKeyId":2017282}}},"version":"v1"}