{"_sessions":{"BaFVSsUwym70SOzNQ5ns5Gq0wgvfyc6R92QI1WpZaF1f":{"registrationId":686313947,"currentRatchet":{"ephemeralKeyPair":{"pubKey":"BVXOxKGEu5qj49dMdySBpg9yowXUx+9UbrnjJhUkEEx2","privKey":"uJGFKpiCSiBX40WtE0TS9E5kCRvX3bxqGc3zlNvpYUM="},"lastRemoteEphemeralKey":"BUEiorq89VFdSXM3d2bT3cBx6MYjyO7QZOYhkSASI8k0","previousCounter":0,"rootKey":"vj9GFxIvm2n+gtNJi1uvxrmYx0oNagYhZ4ehuDZNM2s="},"indexInfo":{"baseKey":"BaFVSsUwym70SOzNQ5ns5Gq0wgvfyc6R92QI1WpZaF1f","baseKeyType":1,"closed":-1,"used":1683691125836,"created":1683691125836,"remoteIdentityKey":"Bb+viow6LfVTi+VQ4HXunNrWemOZZNuCLQJcNtpCx4d4"},"_chains":{"BVXOxKGEu5qj49dMdySBpg9yowXUx+9UbrnjJhUkEEx2":{"chainKey":{"counter":0,"key":"DLDQjvo4mleKdhW0b0bSSje6Qa/GOBZnWGPoWlUShvY="},"chainType":1,"messageKeys":{}}},"pendingPreKey":{"signedKeyId":11,"baseKey":"BaFVSsUwym70SOzNQ5ns5Gq0wgvfyc6R92QI1WpZaF1f","preKeyId":1859437}}},"version":"v1"}