{"_sessions":{"Betsy0PLCaygFd2zOPQ5eVL92on9h59mDqujIppOaTNu":{"registrationId":13823,"currentRatchet":{"ephemeralKeyPair":{"pubKey":"Ba0hz3975x9ah2YnrTDqdeHR/HL3j5akjwQA9f4OQKga","privKey":"+OQxrPzvM6bUPlLnmjumCni0E4ulXJzrkmUiCT1kqkg="},"lastRemoteEphemeralKey":"BXI2TSzrdNmH9h7ugD1t8bMHImgRfzUXAXtPqwUwVHhf","previousCounter":0,"rootKey":"J72D5RYxrwz5nnwyltDC3S3Olwcu/zEZ9hZOLzOHjkc="},"indexInfo":{"baseKey":"Betsy0PLCaygFd2zOPQ5eVL92on9h59mDqujIppOaTNu","baseKeyType":1,"closed":-1,"used":1683691125616,"created":1683691125616,"remoteIdentityKey":"BZZsE3Ved2pzO7xhdXvM6rgleq8Xu5Yo1fpY87YNdHQa"},"_chains":{"Ba0hz3975x9ah2YnrTDqdeHR/HL3j5akjwQA9f4OQKga":{"chainKey":{"counter":0,"key":"498MX2e9WMZmHBljCm/pLpTLxB5idCri8m0dS3Q4fDk="},"chainType":1,"messageKeys":{}}},"pendingPreKey":{"signedKeyId":1,"baseKey":"Betsy0PLCaygFd2zOPQ5eVL92on9h59mDqujIppOaTNu","preKeyId":534}}},"version":"v1"}