{"_sessions":{"BY5XXX+V7m5z0sc8vVMkYnmXfD37mU222g8qZBkCVvUn":{"registrationId":1856596336,"currentRatchet":{"ephemeralKeyPair":{"pubKey":"BdBmZpdn+2OCrjJMvFWUlWGtqbcrMdXBgZzhkGFLP6NT","privKey":"mKB/GED0eiTk+DqMaxQgg3D72ei6xDEIvz0BAkfSiFI="},"lastRemoteEphemeralKey":"BakxLbq3qxNroezTW1sPJJhVMMIYW6c3ak42d5yPRupo","previousCounter":0,"rootKey":"8bzf6JA3JPclnVn1ovqUGw3OJEw8tLTvJOcQYZ26xvM="},"indexInfo":{"baseKey":"BY5XXX+V7m5z0sc8vVMkYnmXfD37mU222g8qZBkCVvUn","baseKeyType":1,"closed":-1,"used":1683691126051,"created":1683691126051,"remoteIdentityKey":"Ba3Pwi2VzW0QUx4V7gXGNDpIVKGNN40/1MrKG76hImpe"},"_chains":{"BdBmZpdn+2OCrjJMvFWUlWGtqbcrMdXBgZzhkGFLP6NT":{"chainKey":{"counter":0,"key":"h6d0IR/oQa2kTLcqScKfYrZwMSEfpeJMWTPHpR+VC+k="},"chainType":1,"messageKeys":{}}},"pendingPreKey":{"signedKeyId":18,"baseKey":"BY5XXX+V7m5z0sc8vVMkYnmXfD37mU222g8qZBkCVvUn","preKeyId":5554691}}},"version":"v1"}