{"_sessions":{"Beg129sWuH92z+f4OxedOuzAlFdswFzUtTXQBQmVa0w/":{"registrationId":5272,"currentRatchet":{"ephemeralKeyPair":{"pubKey":"BfeOO6Dz9yFrokc5qksUWztP0aDiSeDCVE0HFBj4dttQ","privKey":"iDnYzXiswX2ljjs60q4B8dh9lmqFH2roql9H2GeoIEQ="},"lastRemoteEphemeralKey":"BcAYE8opmCu1mhfc7kWuje/02Ylt2N2kFuhwm+80cDN/","previousCounter":0,"rootKey":"+Og9Jm39fBe1bhPu/8At4T+ZJXpggha6pMtOcook6xg="},"indexInfo":{"baseKey":"Beg129sWuH92z+f4OxedOuzAlFdswFzUtTXQBQmVa0w/","baseKeyType":1,"closed":-1,"used":1683691125623,"created":1683691125623,"remoteIdentityKey":"BdQcWKrNapmWtmXSVlN5aLa6MEEpbaVJK8iSOK9rTnxi"},"_chains":{"BfeOO6Dz9yFrokc5qksUWztP0aDiSeDCVE0HFBj4dttQ":{"chainKey":{"counter":0,"key":"gfApsAJc6LJ4aJOpOCHOtQ9kAtSwUtcLzBo0vbfRWmo="},"chainType":1,"messageKeys":{}}},"pendingPreKey":{"signedKeyId":1,"baseKey":"Beg129sWuH92z+f4OxedOuzAlFdswFzUtTXQBQmVa0w/","preKeyId":1111}}},"version":"v1"}