{"_sessions":{"BSTfhkILl+Yz7bpgqH2Pgp8EttInE9oGi8PDaX1hE6AL":{"registrationId":1703932323,"currentRatchet":{"ephemeralKeyPair":{"pubKey":"BenobEpzA4VCYCMc2qNMiD7ldMmgm0TprOBu4bQKictT","privKey":"2MpuqHT+3gHiGsJybDJU1w2TIEikijwFBV8+w4FkXEY="},"lastRemoteEphemeralKey":"Bar9PnukZi8KDpSDq/P+7tvdVPvjfeYmkcqxK8tiZwgc","previousCounter":0,"rootKey":"wo6k03PKCaA+MdbXkJ554pquu7vZvlA7kAUJn4EPzJ8="},"indexInfo":{"baseKey":"BSTfhkILl+Yz7bpgqH2Pgp8EttInE9oGi8PDaX1hE6AL","baseKeyType":1,"closed":-1,"used":1683691126830,"created":1683691126830,"remoteIdentityKey":"BSysGJGhebKs7RWukWGskl9ZICBmEvoNwSEWDHgGfiR6"},"_chains":{"BenobEpzA4VCYCMc2qNMiD7ldMmgm0TprOBu4bQKictT":{"chainKey":{"counter":0,"key":"JlRE0onlhFu1DZCSsDHHdxC+Hckaam3f99AW8toYL98="},"chainType":1,"messageKeys":{}}},"pendingPreKey":{"signedKeyId":23,"baseKey":"BSTfhkILl+Yz7bpgqH2Pgp8EttInE9oGi8PDaX1hE6AL","preKeyId":6482873}}},"version":"v1"}