{"_sessions":{"BYwmAFlVtgoxjrKlapczNnaNOiJeDJnbYd7qe3dQ9hoD":{"registrationId":459805452,"currentRatchet":{"ephemeralKeyPair":{"pubKey":"BfqFIRexdS1uXhIK9rvgj4kS1XaoQooL/HQqMGh63D00","privKey":"WI1oX06fdHAk+jTXkvt6l6pJQpq9WzL2mORmVlXoEUU="},"lastRemoteEphemeralKey":"Bfx2Wi72Tqjjxv/D6ZlsPJVlNRDR7hYY5W3Y9/uFNHIs","previousCounter":0,"rootKey":"0uYEimrJcwItlknz/dYFzgdvCss3Tx7ryoVTQ/kGN3g="},"indexInfo":{"baseKey":"BYwmAFlVtgoxjrKlapczNnaNOiJeDJnbYd7qe3dQ9hoD","baseKeyType":1,"closed":-1,"used":1683691126727,"created":1683691126727,"remoteIdentityKey":"BRGbhPg+Fmdw/l0xkHV5jy3tqW2cQsRmJCjluhDdNA8H"},"_chains":{"BfqFIRexdS1uXhIK9rvgj4kS1XaoQooL/HQqMGh63D00":{"chainKey":{"counter":0,"key":"xx11rIZeWiD36sdHcNUMUz6QTx9p/t29VMz9TfAp5B8="},"chainType":1,"messageKeys":{}}},"pendingPreKey":{"signedKeyId":1,"baseKey":"BYwmAFlVtgoxjrKlapczNnaNOiJeDJnbYd7qe3dQ9hoD","preKeyId":6469689}}},"version":"v1"}