{"_sessions":{"BYfIOOJAL1atj6C+jX+idI00TwtwZ4JL427yu0pWOZ0b":{"registrationId":603104116,"currentRatchet":{"ephemeralKeyPair":{"pubKey":"BdN0EKmQZoulNw3J2u0lQgPyrI4n9sWh2HPq6siQXlsn","privKey":"uBcUYSVkyMXh/FtpyWZJMWGw6y2Bq8EamyWi0fUlWG4="},"lastRemoteEphemeralKey":"BWl3mIzxgkGzXxyGugci2h03lfoxhXOKmkfljc1Qwy8s","previousCounter":0,"rootKey":"+eckwQHj6qicM4wQXFG8sXc8xqxGhvUFDz6vAb1uD6E="},"indexInfo":{"baseKey":"BYfIOOJAL1atj6C+jX+idI00TwtwZ4JL427yu0pWOZ0b","baseKeyType":1,"closed":-1,"used":1683691126740,"created":1683691126740,"remoteIdentityKey":"BeEaoY2YPVqZInj91Q6UWm8HetNl27/gkK15fio5aiMk"},"_chains":{"BdN0EKmQZoulNw3J2u0lQgPyrI4n9sWh2HPq6siQXlsn":{"chainKey":{"counter":0,"key":"vRXdajlOnXYCT9zSX2H2hxytb3gAmhy5dbkj0iNcpWs="},"chainType":1,"messageKeys":{}}},"pendingPreKey":{"signedKeyId":7,"baseKey":"BYfIOOJAL1atj6C+jX+idI00TwtwZ4JL427yu0pWOZ0b","preKeyId":12433261}}},"version":"v1"}