{"_sessions":{"BYLcA9w7xy6cPi7ODOIr/XPlk/6FMVQWQybPKOosWM9e":{"registrationId":946320001,"currentRatchet":{"ephemeralKeyPair":{"pubKey":"BVSirjaaFbWwe03spYuhqJIqVMJiDXWpMu5czovSHsRW","privKey":"OJryIDT36UU33PzkZfxpvBqEEzlDVVrOME079P9fgFY="},"lastRemoteEphemeralKey":"BSctTSVRZ4+oGb3F6A3I6U+IyUifwjTegLHxfY0a70Ya","previousCounter":0,"rootKey":"peBInPKgDzh05cERFB7iumzq79aFf+3Vwv6bt+8tZ/Q="},"indexInfo":{"baseKey":"BYLcA9w7xy6cPi7ODOIr/XPlk/6FMVQWQybPKOosWM9e","baseKeyType":1,"closed":-1,"used":1683691126187,"created":1683691126187,"remoteIdentityKey":"BRWY53+4jnSHwN0t55+NXtPgRpegMg/BsuDQPZoozIto"},"_chains":{"BVSirjaaFbWwe03spYuhqJIqVMJiDXWpMu5czovSHsRW":{"chainKey":{"counter":0,"key":"Olaf2vSm7oz7x69JxeERUOIn86p0YgK/GgxG2VJ9OrU="},"chainType":1,"messageKeys":{}}},"pendingPreKey":{"signedKeyId":11,"baseKey":"BYLcA9w7xy6cPi7ODOIr/XPlk/6FMVQWQybPKOosWM9e","preKeyId":15667685}}},"version":"v1"}