{"_sessions":{"BfX1j5IWhFwfcpSUab/gBacGYuHPA1UT1dngJhgR7jta":{"registrationId":1099943871,"currentRatchet":{"ephemeralKeyPair":{"pubKey":"BYcXQ8vDCHGLz7LzlG36MGOnMukMee7kcRVDZWO8m8oH","privKey":"EGKRKk4KeHuo6ecLTBqQUan3jc5XA3QEv8W3XFxikkI="},"lastRemoteEphemeralKey":"BdTGYYEeWsd3asfOmbdhyM0ewMSIDkRExCIkFxKvhUo6","previousCounter":0,"rootKey":"Xy+vhNjFc0EIl+r9ThBSKPb4x5Bgmslr9YPVNpQgu1w="},"indexInfo":{"baseKey":"BfX1j5IWhFwfcpSUab/gBacGYuHPA1UT1dngJhgR7jta","baseKeyType":1,"closed":-1,"used":1683691126171,"created":1683691126171,"remoteIdentityKey":"BRdD0y1E0GI9IzLP0fhzHYVelap2WYAqkHwMv4PBMQxC"},"_chains":{"BYcXQ8vDCHGLz7LzlG36MGOnMukMee7kcRVDZWO8m8oH":{"chainKey":{"counter":0,"key":"MjPW3jH+aV7445r90rCqnBizXLq0twMX+0mSiP+WTwc="},"chainType":1,"messageKeys":{}}},"pendingPreKey":{"signedKeyId":2,"baseKey":"BfX1j5IWhFwfcpSUab/gBacGYuHPA1UT1dngJhgR7jta","preKeyId":8762267}}},"version":"v1"}