{"_sessions":{"BZMx6OtrXMO+W+xzdAV/jfEl77bZ3/9A3AThtpxn3/xE":{"registrationId":1701351068,"currentRatchet":{"ephemeralKeyPair":{"pubKey":"BYQmTOnqfEygo8i0yU1bKYDSQNfpZ7AE9XuyIh8AYoVp","privKey":"YAkXe7FvPmLRtGShTb6OI7a3xF61Yk6VzkntgwMXSGU="},"lastRemoteEphemeralKey":"BTYmRUSkJShN2IVjTq3InZN8JdC2dlljMGxhj5qdS2w6","previousCounter":0,"rootKey":"9Jy8JQQ4vBqI0Kwb3dbEAFJx+KqrXtXa+lI04XDUNLU="},"indexInfo":{"baseKey":"BZMx6OtrXMO+W+xzdAV/jfEl77bZ3/9A3AThtpxn3/xE","baseKeyType":1,"closed":-1,"used":1683691126939,"created":1683691126939,"remoteIdentityKey":"Bbt41QjSclHm0AGuYV/ISr/gtfF9w8J1ZI9rAbQQoOVO"},"_chains":{"BYQmTOnqfEygo8i0yU1bKYDSQNfpZ7AE9XuyIh8AYoVp":{"chainKey":{"counter":0,"key":"ZAHvrK7VnRhPvnr8humaOklR/J1sECpQtuhX5liThH0="},"chainType":1,"messageKeys":{}}},"pendingPreKey":{"signedKeyId":8,"baseKey":"BZMx6OtrXMO+W+xzdAV/jfEl77bZ3/9A3AThtpxn3/xE","preKeyId":4486243}}},"version":"v1"}