{"_sessions":{"BV61K0xcwhWNLoUKfBJ1Ul2JZB4soAKC5yioc/wOTR4B":{"registrationId":410442023,"currentRatchet":{"ephemeralKeyPair":{"pubKey":"BY/nPyJ4FWRSaPj/+Whyu3lP8gZh49g9DD15UxMgj+IX","privKey":"8A4QgT3y8oUUhDFgJUhDkAVSLSN3pQYjUhmbqOWvp2k="},"lastRemoteEphemeralKey":"BS06XaOx5ilcELK2pF+mVJSDK1coX+G4s5xjAM75eNda","previousCounter":0,"rootKey":"z1hdYKordE0RsEN80iTuOSAqX3U/I7dJNYEEQKBA0sg="},"indexInfo":{"baseKey":"BV61K0xcwhWNLoUKfBJ1Ul2JZB4soAKC5yioc/wOTR4B","baseKeyType":1,"closed":-1,"used":1683691126020,"created":1683691126020,"remoteIdentityKey":"BWFkY0cdeFZG42qS+2jG5RCD2sdCh/86XIHr4PfV1Ywr"},"_chains":{"BY/nPyJ4FWRSaPj/+Whyu3lP8gZh49g9DD15UxMgj+IX":{"chainKey":{"counter":0,"key":"0kUWM3slxmIPemNlTh43UEmUsWwB1eMq5FyJ86yqyw0="},"chainType":1,"messageKeys":{}}},"pendingPreKey":{"signedKeyId":2,"baseKey":"BV61K0xcwhWNLoUKfBJ1Ul2JZB4soAKC5yioc/wOTR4B","preKeyId":9778428}}},"version":"v1"}