{"_sessions":{"BWg3LTzuLB33+kedAeazbxDPsTGodF9mK5FhI8tdMtxC":{"registrationId":1685181927,"currentRatchet":{"ephemeralKeyPair":{"pubKey":"BZA2lNrBrigsSNwEu/6Yy3eTp67+cb3oSM8qig656WBt","privKey":"8KyRCA+FeMKBCMrHJLWVYBq/ocdgacpRqa038snYCno="},"lastRemoteEphemeralKey":"BW5Xr3Txu1Me7M5hJoCELPrxVW/JZ4jAuCupims3O480","previousCounter":0,"rootKey":"VSGsA6b6rtUJof23y46l2iGZKo3RltDiBpM36jOqdZw="},"indexInfo":{"baseKey":"BWg3LTzuLB33+kedAeazbxDPsTGodF9mK5FhI8tdMtxC","baseKeyType":1,"closed":-1,"used":1683691126957,"created":1683691126957,"remoteIdentityKey":"BUwWO6C0rsrEDiWBWZZmjKnc8oTV6RcbkHML4TOE/WUP"},"_chains":{"BZA2lNrBrigsSNwEu/6Yy3eTp67+cb3oSM8qig656WBt":{"chainKey":{"counter":0,"key":"QBrOWIDyvlFbxVq5C77Gd63qkykQie2X374fEom8ruc="},"chainType":1,"messageKeys":{}}},"pendingPreKey":{"signedKeyId":6894972,"baseKey":"BWg3LTzuLB33+kedAeazbxDPsTGodF9mK5FhI8tdMtxC","preKeyId":683}}},"version":"v1"}