{"_sessions":{"BdMgliZVaZr2lLmmoYgMolk4WBrUKqIjbR3D8IbER1Nm":{"registrationId":183,"currentRatchet":{"ephemeralKeyPair":{"pubKey":"BaVFbInlTsMniLhxqH/2p4MvTkhgeI2U+vjq77DqNngX","privKey":"GKX8Mt5q+ZJ/CbusruQlcjjlh9kQ2WZ+e/sTzsoy9Ug="},"lastRemoteEphemeralKey":"BVE8stzAckBPR4nk3eDRQG6rLbV1D0QghWkVassDTuRV","previousCounter":0,"rootKey":"Pbn1ZNVJndujxRgQ1PAbsC/YLt2NdcjyjeYKtKs+qEc="},"indexInfo":{"baseKey":"BdMgliZVaZr2lLmmoYgMolk4WBrUKqIjbR3D8IbER1Nm","baseKeyType":1,"closed":-1,"used":1683691125633,"created":1683691125633,"remoteIdentityKey":"BUh0i2VGb1ttekF8MoVBKjGntvk6vvMbEi3eCWDxHbV8"},"_chains":{"BaVFbInlTsMniLhxqH/2p4MvTkhgeI2U+vjq77DqNngX":{"chainKey":{"counter":0,"key":"ZsXvAjYComUAkVgCsymk+R2XgXbWYttoet+Nm9GLVjE="},"chainType":1,"messageKeys":{}}},"pendingPreKey":{"signedKeyId":1,"baseKey":"BdMgliZVaZr2lLmmoYgMolk4WBrUKqIjbR3D8IbER1Nm"}}},"version":"v1"}