{"_sessions":{"BZGaWJIb6t1LiF9sONv54K0sQBdRnBkijBteTTT5NBY8":{"registrationId":1181714318,"currentRatchet":{"ephemeralKeyPair":{"pubKey":"BY1o3vHPwckC7Kev8qLdg9+vH/WK5bCIGW8iVO3CBQh7","privKey":"2GjblleJgpZ3n4aSoiXBHk9oxAGYIkDyRx9RS5T8tVM="},"lastRemoteEphemeralKey":"BZ5PDRotSpmZWrfGu4kt+LV8JCgvF4fkXK2rFBHW02ZV","previousCounter":0,"rootKey":"2kQIWipXjxd1pVy+MXwpocrYCjFmsvtIp02/n43tpxc="},"indexInfo":{"baseKey":"BZGaWJIb6t1LiF9sONv54K0sQBdRnBkijBteTTT5NBY8","baseKeyType":1,"closed":-1,"used":1683691125692,"created":1683691125692,"remoteIdentityKey":"BfcQ/HlSD7K4gzZkwJIcnEUtmgL09aM5EbinUfxigTgR"},"_chains":{"BY1o3vHPwckC7Kev8qLdg9+vH/WK5bCIGW8iVO3CBQh7":{"chainKey":{"counter":0,"key":"wxM1u7muhMzcMalOY4URpJRHqfjMTcN8FKNk5JdKexI="},"chainType":1,"messageKeys":{}}},"pendingPreKey":{"signedKeyId":10,"baseKey":"BZGaWJIb6t1LiF9sONv54K0sQBdRnBkijBteTTT5NBY8","preKeyId":5391219}}},"version":"v1"}