{"_sessions":{"BfttaL3kfimc+FRIiBK22haxujKnaQpGk6NA9UF/jfRf":{"registrationId":1109113663,"currentRatchet":{"ephemeralKeyPair":{"pubKey":"BXACZdgoHXkZojbAaGyYS/ahK9JhTswFHAeIPKfClq0y","privKey":"8LsbE4idPsm64U/8ir/Kw07jW5uW0FnSFj785SLHOXA="},"lastRemoteEphemeralKey":"BVFooUUOJPWVBXRc9CKOLq6UYVNksTa9CwfpV2W1gxN6","previousCounter":0,"rootKey":"WEC/kBdnpaUlAehwz1iafsNLgnTN/e85o0yY61EEq0E="},"indexInfo":{"baseKey":"BfttaL3kfimc+FRIiBK22haxujKnaQpGk6NA9UF/jfRf","baseKeyType":1,"closed":-1,"used":1683691125738,"created":1683691125738,"remoteIdentityKey":"BZ5Slctuwmx1orXY5mJ72ij0ivYEr48uDm5CT5wubGQX"},"_chains":{"BXACZdgoHXkZojbAaGyYS/ahK9JhTswFHAeIPKfClq0y":{"chainKey":{"counter":0,"key":"sUNoPZ0JdjJACMfKs6u4JV0qrV22zpN/2b/bE0hhS7c="},"chainType":1,"messageKeys":{}}},"pendingPreKey":{"signedKeyId":5,"baseKey":"BfttaL3kfimc+FRIiBK22haxujKnaQpGk6NA9UF/jfRf","preKeyId":16768197}}},"version":"v1"}