{"_sessions":{"BU6LaA/JZD/+8yrAl6FfqyjmuRBJhokceYItncGIxIVW":{"registrationId":1061433148,"currentRatchet":{"ephemeralKeyPair":{"pubKey":"BcSlGKZ7FCbiH2uK9dE1uMGVTdiFAeh2gfT/pVdryDo3","privKey":"kMXLWQnayRAeLMBve78LhOMiXe4qDsPhMJ+adQBtBk8="},"lastRemoteEphemeralKey":"BQ55fofIn5Tb2Y1ZpG9w2czcssWh/NHSXMQqDXjoEO18","previousCounter":0,"rootKey":"MyPAduEv459tKg87Wn5nKQFz3jNGFww/jcSbfrrrWp8="},"indexInfo":{"baseKey":"BU6LaA/JZD/+8yrAl6FfqyjmuRBJhokceYItncGIxIVW","baseKeyType":1,"closed":-1,"used":1683691125763,"created":1683691125763,"remoteIdentityKey":"BRLKrwCcuge6eSJTK1TEX+jnflEkxvtUcN95c24mNy5Y"},"_chains":{"BcSlGKZ7FCbiH2uK9dE1uMGVTdiFAeh2gfT/pVdryDo3":{"chainKey":{"counter":0,"key":"a6suAHFy0IcvYZAsSIuhR/5AbZZIYNyu7HKwUREiu58="},"chainType":1,"messageKeys":{}}},"pendingPreKey":{"signedKeyId":1,"baseKey":"BU6LaA/JZD/+8yrAl6FfqyjmuRBJhokceYItncGIxIVW","preKeyId":1353188}}},"version":"v1"}