{"_sessions":{"BfUYbnx+fQEps5E3barM9bkTDOQau8m0uQxvNOKDNkZ6":{"registrationId":59083052,"currentRatchet":{"ephemeralKeyPair":{"pubKey":"BcIqnW1XwmX/2ns1xSe6ipqK7cl1HWNBRbdM+gugt1tL","privKey":"AOQZXRNJTtOD1jGso/TeDrU60CzSpJSRCgOjOG6Scm8="},"lastRemoteEphemeralKey":"BZTnCMbs2gvT1oQGUp6U+4AgBNAWvSok6DoxeOhSVbMp","previousCounter":0,"rootKey":"fFNl5/Q6pHs51xNtBHkfkQZQGyMXkrNGdhsiAaMEnTY="},"indexInfo":{"baseKey":"BfUYbnx+fQEps5E3barM9bkTDOQau8m0uQxvNOKDNkZ6","baseKeyType":1,"closed":-1,"used":1683691125996,"created":1683691125996,"remoteIdentityKey":"BV41ye4kDTsNuuMEUcs5hVmiIVJmJip2KNyDRWlYQi0M"},"_chains":{"BcIqnW1XwmX/2ns1xSe6ipqK7cl1HWNBRbdM+gugt1tL":{"chainKey":{"counter":0,"key":"MWRojplDqdi6xTGbiYCNGXvfVchjPUcI4N5d7wiN5lA="},"chainType":1,"messageKeys":{}}},"pendingPreKey":{"signedKeyId":0,"baseKey":"BfUYbnx+fQEps5E3barM9bkTDOQau8m0uQxvNOKDNkZ6","preKeyId":9328025}}},"version":"v1"}