{"_sessions":{"Bb2RiMkfoA7yxS1kZw7FyAlq43s/lS3hdNbIXrDWZXYN":{"registrationId":428942275,"currentRatchet":{"ephemeralKeyPair":{"pubKey":"Bf3giIFW5fFknFnIBJr3z1KcVvOZR0sWOkYF7++R7qFb","privKey":"QNCqKGvdBHF29bbTBHCmZrVtGnKvfLrSan2eST4Ur3M="},"lastRemoteEphemeralKey":"BRjjyv7oArfxyqq/s8Pmaw9sC7hFb3+uhQ7OR1k+VUw3","previousCounter":0,"rootKey":"OboSQQcG5q+DfmsBcJseR/wcO5e6qO2ZooltZ3StFK8="},"indexInfo":{"baseKey":"Bb2RiMkfoA7yxS1kZw7FyAlq43s/lS3hdNbIXrDWZXYN","baseKeyType":1,"closed":-1,"used":1683691126869,"created":1683691126869,"remoteIdentityKey":"BfrT2mDYEEND5odlKPpksnRwHNU83DQ4uUJKJTg2l+Yr"},"_chains":{"Bf3giIFW5fFknFnIBJr3z1KcVvOZR0sWOkYF7++R7qFb":{"chainKey":{"counter":0,"key":"oidSBdVy+XXd1W9aYGz5SBIIdtcbnSXtlFpUdgdTJbs="},"chainType":1,"messageKeys":{}}},"pendingPreKey":{"signedKeyId":20,"baseKey":"Bb2RiMkfoA7yxS1kZw7FyAlq43s/lS3hdNbIXrDWZXYN","preKeyId":16477225}}},"version":"v1"}