{"_sessions":{"BVHtLfH6uTM/PuaCwBHHRJU1CWHod030XDz6ETAQsCxU":{"registrationId":1937559555,"currentRatchet":{"ephemeralKeyPair":{"pubKey":"BQPcjuvjIVF1D/xLEiCTv6V3T82QmahIL38tGnb5SaMM","privKey":"UNcBoK0i/GkAZiFYfAjssO7/GH/awxxQ31oLSWJLYWU="},"lastRemoteEphemeralKey":"BbGmauyIxXcb7NiP142Mk1p3+rQXfW3zcMP4Cd/xazsK","previousCounter":0,"rootKey":"C/QI56bbJQS+4OekguM3Jd46c2uHcwfoljsAZAbip0Q="},"indexInfo":{"baseKey":"BVHtLfH6uTM/PuaCwBHHRJU1CWHod030XDz6ETAQsCxU","baseKeyType":1,"closed":-1,"used":1683249895954,"created":1683249895954,"remoteIdentityKey":"BXG/ZGqMfgA06USzubdRdNK78FuxKgjqNf8HOnfF2qws"},"_chains":{"BQPcjuvjIVF1D/xLEiCTv6V3T82QmahIL38tGnb5SaMM":{"chainKey":{"counter":0,"key":"CqLYb2gwv65GqRvU7HlLJbCtyvLQO5BWlmU3ucriX+M="},"chainType":1,"messageKeys":{}}},"pendingPreKey":{"signedKeyId":3,"baseKey":"BVHtLfH6uTM/PuaCwBHHRJU1CWHod030XDz6ETAQsCxU","preKeyId":12570654}}},"version":"v1"}