{"_sessions":{"BcHfOHCuiy7R9QHKRoE5WAJ34cZ9mCcnq6Pdb3Y+KA1y":{"registrationId":764969583,"currentRatchet":{"ephemeralKeyPair":{"pubKey":"BQ4axRPCcUmfOWclEo0jasqZpzpim7Bafm46C89rEdMD","privKey":"MKYQFUUzgo8dTIU6r9FSnTUq0bcG57ro1w13Zuo780M="},"lastRemoteEphemeralKey":"BU39cqsOQsvfnc5ljdS14Noyo98nA+Tlbx6OC0RtNmwa","previousCounter":0,"rootKey":"wt48M1MEt4+V0ap6a1y2B1t5H5vLK61KPDEmVZL4Czw="},"indexInfo":{"baseKey":"BcHfOHCuiy7R9QHKRoE5WAJ34cZ9mCcnq6Pdb3Y+KA1y","baseKeyType":1,"closed":-1,"used":1683691125803,"created":1683691125803,"remoteIdentityKey":"BWfJ8Xor0sXOcC0Na16mB5ReN4wYzkMcQWoz1hkoZ0Ad"},"_chains":{"BQ4axRPCcUmfOWclEo0jasqZpzpim7Bafm46C89rEdMD":{"chainKey":{"counter":0,"key":"clTXS/D+rJxBG9aajkhasedog24IaJLbHpZL7mE6Hn0="},"chainType":1,"messageKeys":{}}},"pendingPreKey":{"signedKeyId":28,"baseKey":"BcHfOHCuiy7R9QHKRoE5WAJ34cZ9mCcnq6Pdb3Y+KA1y","preKeyId":3681710}}},"version":"v1"}