{"_sessions":{"BVar9PKv29WpJJ1wJK4xnuSyXjX4OqUljLKQpJ9RuVU6":{"registrationId":785263912,"currentRatchet":{"ephemeralKeyPair":{"pubKey":"BcnZHqobxExTg97xJmk8iRJRFR6rjDzedDTp5/egWi93","privKey":"YFl9uGBsbxi8QlUHCH4Jhru79qjPT72H8TPVPueNaGs="},"lastRemoteEphemeralKey":"Bb0iNo8VUqPuNRmZQcVBESe3tKA0/DwcgH9Q8l2nZg4h","previousCounter":0,"rootKey":"1GQKL+d7GsHHbnGnCHdNvaTGZnL1vByz8eMnQTGALmI="},"indexInfo":{"baseKey":"BVar9PKv29WpJJ1wJK4xnuSyXjX4OqUljLKQpJ9RuVU6","baseKeyType":1,"closed":-1,"used":1683691125970,"created":1683691125970,"remoteIdentityKey":"BWKF0WKkxlKxNOUdLGuqOklrnWsleYmVeTKNrIpMruod"},"_chains":{"BcnZHqobxExTg97xJmk8iRJRFR6rjDzedDTp5/egWi93":{"chainKey":{"counter":0,"key":"THnOdf5ySPESWT4pBsVbLAWoI7XcadGHxd4sLKeZfeQ="},"chainType":1,"messageKeys":{}}},"pendingPreKey":{"signedKeyId":12,"baseKey":"BVar9PKv29WpJJ1wJK4xnuSyXjX4OqUljLKQpJ9RuVU6","preKeyId":16027486}}},"version":"v1"}