{"_sessions":{"BXQosT4zGOzlcFgflHyiamzWVc+MU5vdIQp5RN+1fzVJ":{"registrationId":887340792,"currentRatchet":{"ephemeralKeyPair":{"pubKey":"BdqVdTkkCbFRxyhz/UwUT7XwMMtzyHVi40QSRUv+Uwc6","privKey":"eAU39ZuicFHQYefIZew1TNLt18Re7yQlPwUBhX1PIEk="},"lastRemoteEphemeralKey":"BRkgkcqA4Wb7q6v5RXffzvwRYvQiGvoCgdqRy3+ku9kK","previousCounter":0,"rootKey":"0B3NF5QN9LDUDddsYu/OaZFvRfJGkgYRKmQ3AiRn42E="},"indexInfo":{"baseKey":"BXQosT4zGOzlcFgflHyiamzWVc+MU5vdIQp5RN+1fzVJ","baseKeyType":1,"closed":-1,"used":1683691126676,"created":1683691126676,"remoteIdentityKey":"BXl4hTYPdkWM12db3Q49/fjEOUN1usLd/9EyMgwE6jQR"},"_chains":{"BdqVdTkkCbFRxyhz/UwUT7XwMMtzyHVi40QSRUv+Uwc6":{"chainKey":{"counter":0,"key":"UaXRHfFgtraPfFJLuPAqsvtm63edM4QdVs9eQ6wxjrM="},"chainType":1,"messageKeys":{}}},"pendingPreKey":{"signedKeyId":1,"baseKey":"BXQosT4zGOzlcFgflHyiamzWVc+MU5vdIQp5RN+1fzVJ","preKeyId":6665746}}},"version":"v1"}