{"_sessions":{"BYOWe64XHo6pX5mALHOWZo/FL+GpmPJau23/OOu0Ag48":{"registrationId":518037635,"currentRatchet":{"ephemeralKeyPair":{"pubKey":"Ba+BSKXDt6tR81d11iNL9Txv5Bzysr73cj29XEV6EC12","privKey":"EIHkQqs4OLBGCC6c0xQWwu6DieMskLtFK96ICTMG+V0="},"lastRemoteEphemeralKey":"BbiT7T7DwEIDbLBNUsB15LIXZ+j/aaQ3LH0FO7gUgSwi","previousCounter":0,"rootKey":"pcdVHD7Q6OAUOYmhPJPxlc3TBkBTx6RvGWhrWO8pj6Y="},"indexInfo":{"baseKey":"BYOWe64XHo6pX5mALHOWZo/FL+GpmPJau23/OOu0Ag48","baseKeyType":1,"closed":-1,"used":1683691126243,"created":1683691126243,"remoteIdentityKey":"BWAzjNE1XCSKxf6Pnb4OWXT6udK4lCWneDV/yOWu/TBm"},"_chains":{"Ba+BSKXDt6tR81d11iNL9Txv5Bzysr73cj29XEV6EC12":{"chainKey":{"counter":0,"key":"DCQwAvFyRjUVRCnh9Kn7yRhLvO3/n2B5n0Q8fLMe2W8="},"chainType":1,"messageKeys":{}}},"pendingPreKey":{"signedKeyId":1,"baseKey":"BYOWe64XHo6pX5mALHOWZo/FL+GpmPJau23/OOu0Ag48","preKeyId":3319228}}},"version":"v1"}