{"_sessions":{"BWWBxEjBNWsMxhdkDpHEWv/ReRmj8lWJS4s5NuS212U9":{"registrationId":7765751,"currentRatchet":{"ephemeralKeyPair":{"pubKey":"BXyJjA4/EFSH9t34DUFLHR48oKFZZe+epx1p07mIICAN","privKey":"QNHZ0r458PWWfkaBLFlN7B8rfG+enc6ZOkhl55oVw3w="},"lastRemoteEphemeralKey":"BZF+7pJUgdsC/c09XKPDBXNsEIjyQgn0c0LL9T/hC+AF","previousCounter":0,"rootKey":"myGi2O7u601CfMfz2689G4QyvyaeDpp10ky7tcgZDlY="},"indexInfo":{"baseKey":"BWWBxEjBNWsMxhdkDpHEWv/ReRmj8lWJS4s5NuS212U9","baseKeyType":1,"closed":-1,"used":1683691126058,"created":1683691126058,"remoteIdentityKey":"BTB/oycfHejwYyWuXbX/kfwvU+E0j2lcekwZULKNbbl/"},"_chains":{"BXyJjA4/EFSH9t34DUFLHR48oKFZZe+epx1p07mIICAN":{"chainKey":{"counter":0,"key":"5JoQ0C1Sjd3Y+Yrt+W+/mJjjvps40E2PD3rMyPJoMlg="},"chainType":1,"messageKeys":{}}},"pendingPreKey":{"signedKeyId":30,"baseKey":"BWWBxEjBNWsMxhdkDpHEWv/ReRmj8lWJS4s5NuS212U9","preKeyId":6011730}}},"version":"v1"}